Product Number,Product Name,Status
602.797.25,,TRUE
301.752.77,,TRUE
901.636.91,,TRUE
701.636.92,,TRUE
702.829.49,,TRUE
902.783.62,,TRUE
002.829.43,,TRUE
802.179.77,,TRUE
804.808.59,,TRUE
404.154.51,,TRUE
604.834.39,,TRUE
004.838.09,,TRUE
604.838.06,,TRUE
304.735.59,,TRUE
904.735.61,,TRUE
404.735.30,,TRUE
904.838.00,,TRUE
204.735.50,,TRUE
904.735.42,,TRUE
304.834.50,,TRUE
194.221.99,,TRUE
304.854.25,,TRUE
204.735.45,,TRUE
704.834.53,,TRUE
304.735.35,,TRUE
704.861.40,,TRUE
004.735.51,,TRUE
404.735.49,,TRUE
104.806.12,,TRUE
504.735.39,,TRUE
401.581.35,,TRUE
803.902.41,,TRUE
004.629.96,,TRUE
120.45.483,,FALSE
201.690.74,,TRUE
402.096.44,,FALSE
304.813.90,,TRUE
004.813.82,,TRUE
704.813.74,,TRUE
094.082.45,,TRUE
002.120.02,,FALSE
202.851.39,,TRUE
702.142.86,,TRUE
602.191.85,,TRUE
902.191.79,,TRUE
902.259.29,,TRUE
002.179.76,,TRUE
702.535.36,,TRUE
102.535.39,,FALSE
502.535.37,,TRUE
104.395.66-2,,FALSE
104.349.98-1,,FALSE
302.405.03,,FALSE
403.554.47,,FALSE
194.176.97,,TRUE
804.651.42,,FALSE
302.074.00,,TRUE
604.058.42,,TRUE
990.674.97,,TRUE
002.799.45,,FALSE
690.462.32,,TRUE
302.799.44,,FALSE
903.530.16,,TRUE
303.610.24,,TRUE
702.400.30,,TRUE
502.586.72,,TRUE
302.586.68,,TRUE
603.210.22,,TRUE
902.400.34,,TRUE
702.694.29,,FALSE
802.694.24,,FALSE
290.304.74,,TRUE
890.304.71,,TRUE
802.120.03,,TRUE
302.120.05,,TRUE
702.816.57,,TRUE
703.384.23,,TRUE
603.384.28,,TRUE
003.384.26,,TRUE
203.384.25,,TRUE
003.384.31,,TRUE
403.384.34,,TRUE
603.384.33,,TRUE
105.029.92,,TRUE
701.477.58,,TRUE
505.400.82,,TRUE
003.724.58,,TRUE
292.224.87,,TRUE
392.225.33,,TRUE
492.826.30,,TRUE
092.826.70,,TRUE
092.225.63,,TRUE
192.825.75,,TRUE
692.225.60,,TRUE
002.528.80,,FALSE
303.534.96,,TRUE
303.535.09,,TRUE
592.824.27,,TRUE
703.662.89,,TRUE
003.662.97,,TRUE
703.535.31,,TRUE
503.535.27,,TRUE
302.529.73,,TRUE
102.553.26,,TRUE
502.529.10,,TRUE
902.529.13,,TRUE
702.553.28,,TRUE
592.225.32,,TRUE
102.529.07,,TRUE
004.871.76,,TRUE
502.255.92,,TRUE
702.198.30,,TRUE
102.403.49,,TRUE
805.285.02,,TRUE
804.810.38,,FALSE
604.730.39,,FALSE
902.095.33,,FALSE
701.629.99,,FALSE
890.042.50,,TRUE
290.042.48,,TRUE
491.894.44,,TRUE
393.321.50,,TRUE
590.042.23,,TRUE
901.629.98,,FALSE
003.361.73,,TRUE
204.730.41,,TRUE
104.730.51,,TRUE
192.911.84,,TRUE
104.305.04,,TRUE
603.611.31,,TRUE
603.535.36,,TRUE
703.513.58,,TRUE
104.883.16,,TRUE
802.483.75,,TRUE
102.458.51,,TRUE
902.458.47,,TRUE
402.955.33,,TRUE
290.478.27,,FALSE
491.874.59,,TRUE
193.017.72,,TRUE
202.945.20,,TRUE
892.991.86,,TRUE
192.991.37,,TRUE
291.848.95,,TRUE
302.458.45,,TRUE
202.998.91,,TRUE
602.948.58,,TRUE
103.513.61,,TRUE
091.874.75,,TRUE
503.526.84,,TRUE
703.526.83,,TRUE
602.612.59,,TRUE
504.883.19,,TRUE
402.198.98,,TRUE
802.172.27,,TRUE
702.198.92,,TRUE
505.252.70,,TRUE
905.252.73 (003.515.59),,FALSE
794.772.83,,FALSE
292.874.31,,FALSE
092.810.67,,TRUE
592.817.91,,TRUE
392.177.15,,FALSE
891.845.24,,TRUE
091.844.86,,TRUE
094.772.86,,FALSE
792.874.43,,FALSE
694.837.60,,TRUE
094.837.44,,TRUE
894.837.21,,TRUE
694.837.22,,FALSE
092.874.08,,TRUE
194.836.30,,TRUE
392.818.05,,TRUE
094.836.35,,TRUE
192.177.35,,FALSE
804.156.04,,TRUE
792.874.19,,TRUE
492.817.77,,TRUE
191.845.08,,FALSE
305.220.41 (403.515.43),,FALSE
603.515.42,,TRUE
705.220.44,,TRUE
391.845.12,,FALSE
691.845.20,,FALSE
103.515.68,,TRUE
791.844.78,,FALSE
601.819.55,,TRUE
902.867.53,,TRUE
304.042.74,,FALSE
503.515.85,,FALSE
205.252.76,,TRUE
204.042.79,,FALSE
694.837.55,,TRUE
194.837.29,,TRUE
494.837.56,,TRUE
994.837.30,,TRUE
294.837.57,,TRUE
094.837.82,,TRUE
404.773.83,,TRUE
104.773.89,,TRUE
305.278.64,,TRUE
204.927.75,,TRUE
204.927.80,,TRUE
604.927.83,,TRUE
991.844.82,,TRUE
704.774.28,,TRUE
304.774.30,,TRUE
704.928.34,,TRUE
605.252.79 (003.515.64),,FALSE
004.542.32,,TRUE
804.556.52,,TRUE
902.427.40,,FALSE
692.475.65,,TRUE
404.535.13,,TRUE
504.535.17,,TRUE
804.535.49,,TRUE
402.737.29,,TRUE
102.737.40,,TRUE
502.737.43,,TRUE
302.737.44,,TRUE
202.737.49,,TRUE
902.737.41,,TRUE
202.737.30,,TRUE
402.737.34,,TRUE
002.737.45,,TRUE
805.404.48,,TRUE
401.654.66,,TRUE
391.981.61,,TRUE
503.543.53,,FALSE
003.540.63,,TRUE
103.516.86,,TRUE
103.516.86-1,,FALSE
103.516.86-2,,FALSE
403.516.99,,TRUE
403.515.00,,TRUE
003.518.61,,TRUE
103.554.15,,TRUE
303.554.19,,TRUE
305.036.55,,TRUE
102.904.57,,FALSE
903.554.21,,TRUE
304.098.89,,FALSE
402.287.13,,TRUE
002.759.28,,TRUE
191.981.43,,TRUE
292.782.38,,TRUE
903.377.00,,TRUE
504.098.93,,TRUE
204.004.79,,TRUE
104.079.28,,TRUE
104.079.28-2,,FALSE
104.079.28-3,,TRUE
104.079.28-1,,FALSE
891.981.68,,TRUE
803.543.56,,FALSE
291.981.52,,TRUE
294.264.27,,TRUE
603.340.05,,TRUE
192.726.42,,TRUE
103.399.01,,FALSE
703.399.03,,FALSE
905.108.27,,TRUE
803.528.85,,FALSE
002.676.07,,TRUE
604.803.94,,TRUE
104.397.74,,FALSE
903.362.39,,FALSE
504.429.63,,FALSE
003.525.73,,TRUE
803.384.27,,TRUE
502.996.15,,FALSE
604.618.90,,TRUE
703.918.73,,TRUE
701.686.18,,TRUE
802.883.66,,FALSE
503.538.91,,TRUE
304.544.57,,TRUE
503.628.76,,TRUE
504.305.16,,TRUE
604.343.21,,FALSE
BERGTUNGA,,TRUE
802.948.57,,TRUE
392.975.09,,FALSE
702.339.68,,FALSE
303.513.60,,TRUE
903.513.57,,TRUE
503.513.59,,TRUE
803.487.18,,FALSE
802.458.43,,TRUE
402.459.63,,TRUE
903.526.82,,TRUE
202.936.05,,TRUE
202.998.86,,TRUE
302.198.94,,TRUE
903.391.72,,TRUE
403.458.30,,TRUE
903.236.18,,TRUE
703.236.19,,TRUE
403.343.13,,TRUE
302.427.38,,FALSE
802.564.50,,FALSE
702.894.94,,FALSE
504.073.61,,TRUE
404.016.04,,FALSE
504.073.04,,TRUE
504.073.04-1,,FALSE
504.073.04-2,,FALSE
504.073.04-3,,FALSE
103.735.89,,TRUE
801.652.33,,TRUE
402.651.64,,TRUE
703.361.03,,FALSE
103.363.61,,FALSE
202.666.83,,TRUE
503.461.55-2,,FALSE
503.461.55-1,,FALSE
202.797.32,,TRUE
803.944.80,,FALSE
304.372.41-1,,FALSE
304.372.41-2,,FALSE
304.372.41-3,,FALSE
702.169.35,,FALSE
492.178.09,,FALSE
392.178.24,,FALSE
292.178.48,,FALSE
102.889.54,,FALSE
403.332.81,,TRUE
502.448.83,,FALSE
504.219.13,,FALSE
902.385.35,,TRUE
502.385.42,,TRUE
204.324.80,,TRUE
403.403.90,,TRUE
392.990.18,,TRUE
403.513.50,,TRUE
904.035.06,,TRUE
404.890.22,,TRUE
001.695.60-1,,FALSE
001.695.60-2,,TRUE
001.762.35,,FALSE
001.831.94-1,,FALSE
001.831.94-2,,FALSE
002.569.01,,FALSE
003.177.25,,FALSE
003.298.89-1,,FALSE
003.298.89-2,,FALSE
003.361.87,,FALSE
003.411.36-1,,FALSE
003.411.36-2,,FALSE
003.469.35-1,,FALSE
003.469.35-2,,FALSE
003.498.54-1,,FALSE
003.498.54-2,,FALSE
003.498.54-3,,FALSE
003.498.54-4,,FALSE
003.498.54-5,,FALSE
003.525.73-1,,FALSE
003.525.73-2,,FALSE
003.528.94-1,,FALSE
003.528.94-2,,FALSE
003.546.66-1,,FALSE
003.546.66-2,,FALSE
003.667.92-1,,FALSE
003.667.92-2,,FALSE
003.667.92-3,,FALSE
003.667.92-4,,FALSE
003.725.28-1,,FALSE
003.725.28-2,,FALSE
003.786.86-1,,FALSE
003.786.86-2,,FALSE
003.867.47,,FALSE
003.869.12,,FALSE
003.962.18-1,,FALSE
003.962.18-2,,FALSE
004.050.91-1,,FALSE
004.050.91-2,,FALSE
004.142.60,,FALSE
004.150.71-1,,FALSE
004.150.71-2,,TRUE
004.243.63-1,,FALSE
004.243.63-2,,FALSE
004.395.62-1,,FALSE
004.395.62-2,,FALSE
004.569.24-1,,FALSE
004.569.24-2,,FALSE
004.646.79-1,,FALSE
004.646.79-2,,FALSE
004.646.79-3,,FALSE
004.667.63-1,,TRUE
004.667.63-2,,FALSE
004.717.26-2,,FALSE
004.901.45-1,,FALSE
004.901.45-2,,FALSE
004.901.45-3,,FALSE
094.082.45-1,,FALSE
094.082.45-2,,FALSE
094.082.45-3,,FALSE
101.813.16,,FALSE
102.559.01-1,,FALSE
102.559.01-2,,FALSE
102.892.94-1,,FALSE
102.892.94-2,,FALSE
103.363.61-1,,FALSE
103.363.61-2,,FALSE
103.363.61-3,,FALSE
103.363.61-4,,FALSE
103.494.53-1,,FALSE
103.494.53-2,,FALSE
103.546.23-2,,FALSE
103.546.61-1,,FALSE
103.546.61-2,,FALSE
103.553.97-1,,FALSE
103.553.97-2,,FALSE
103.553.97-3,,FALSE
103.554.15-1,,FALSE
103.554.15-2,,FALSE
103.556.94-1,,FALSE
103.556.94-2,,FALSE
103.556.94-3,,FALSE
103.611.38-1,,FALSE
103.611.38-2,,FALSE
103.675.45,,FALSE
103.786.81-1,,FALSE
103.786.81-2,,FALSE
103.786.81-3,,FALSE
103.886.18-1,,FALSE
103.886.18-2,,FALSE
103.910.60-1,,FALSE
103.910.60-2,,FALSE
103.914.56-1,,FALSE
103.914.56-2,,FALSE
103.914.56-3,,FALSE
103.964.25-1,,FALSE
103.964.25-2,,FALSE
103.976.70-1,,FALSE
104.048.02-1,,FALSE
104.072.97-2,,FALSE
104.349.98-2,,FALSE
104.349.98-3,,FALSE
104.372.37-1,,FALSE
104.372.37-2,,TRUE
803.528.85-1,,FALSE
803.528.85-2,,FALSE
104.569.09-1,,FALSE
104.569.09-2,,FALSE
104.569.09-3,,FALSE
104.687.66,,FALSE
111.111.11-1,,FALSE
111.111.11-2,,FALSE
201.672.06-1,,FALSE
201.672.06-2,,FALSE
202.293.36,,FALSE
202.454.26-1,,FALSE
202.454.26-2,,FALSE
202.528.79,,FALSE
202.749.23-1,,FALSE
202.749.23-2,,FALSE
202.887.55,,FALSE
202.945.20-1,,FALSE
202.945.20-2,,FALSE
203.223.25,,FALSE
203.295.05,,FALSE
203.469.39-2,,FALSE
203.469.63-1,,FALSE
203.469.63-2,,FALSE
204.397.59-2,,FALSE
204.397.59-1,,FALSE
203.542.84-1,,FALSE
203.542.84-2,,FALSE
203.546.46-1,,FALSE
203.546.46-2,,FALSE
203.546.70-1,,FALSE
203.546.70-2,,FALSE
203.546.70-3,,FALSE
203.555.37-1,,FALSE
203.555.37-2,,FALSE
203.578.95-1,,FALSE
203.578.95-2,,FALSE
203.655.22-1,,FALSE
203.655.22-2,,FALSE
203.655.22-3,,FALSE
203.659.42-1,,FALSE
203.659.42-2,,FALSE
203.661.16-1,,FALSE
203.661.16-2,,FALSE
203.688.32-1,,FALSE
203.688.32-2,,FALSE
203.861.00,,FALSE
204.021.95,,FALSE
204.055.75-1,,FALSE
204.055.75-2,,FALSE
204.058.77-1,,FALSE
204.058.77-2,,FALSE
204.072.92-1,,FALSE
204.072.92-2,,FALSE
204.072.92-3,,FALSE
204.150.65-1,,FALSE
204.150.65-2,,FALSE
204.154.66-1,,FALSE
204.154.66-2,,FALSE
204.342.24-1,,FALSE
204.342.24-2,,FALSE
204.423.23,,FALSE
204.717.25-1,,FALSE
204.717.25-2,,FALSE
204.803.72-1,,FALSE
204.803.72-2,,FALSE
220.494.24-1,,FALSE
220.494.24-2,,FALSE
302.336.06-1,,FALSE
302.336.06-2,,FALSE
302.494.76-1,,FALSE
302.494.76-2,,FALSE
302.605.67,,FALSE
302.631.13-1,,FALSE
302.631.13-2,,FALSE
303.051.80,,FALSE
303.222.40-1,,FALSE
303.222.40-2,,FALSE
303.277.75-1,,FALSE
303.277.75-2,,FALSE
303.277.75-3,,FALSE
303.295.57,,FALSE
303.411.49-1,,FALSE
303.411.49-2,,FALSE
303.445.91-1,,FALSE
303.445.91-2,,FALSE
303.469.05-1,,FALSE
303.469.05-2,,FALSE
303.469.48-1,,FALSE
303.469.48-2,,FALSE
303.542.07-1,,FALSE
303.542.07-2,,FALSE
303.554.19-1,,FALSE
303.554.19-2,,FALSE
303.554.19-3,,FALSE
303.556.88-1,,FALSE
303.556.88-2,,FALSE
303.556.88-3,,TRUE
303.556.93-1,,FALSE
303.556.93-2,,FALSE
303.556.93-3,,FALSE
303.574.75-1,,FALSE
303.574.75-2,,FALSE
303.667.81-1,,FALSE
303.667.81-2,,FALSE
303.667.81-3,,FALSE
303.725.22-1,,FALSE
303.725.22-2,,FALSE
303.911.39-1,,FALSE
303.911.39-2,,FALSE
303.911.39-3,,FALSE
303.944.73,,FALSE
304.022.46-1,,FALSE
304.022.46-2,,FALSE
304.022.46-3,,FALSE
304.098.89-1,,TRUE
304.098.89-2,,FALSE
304.098.89-3,,FALSE
304.121.70-1,,FALSE
304.121.70-2,,FALSE
304.132.02-1,,FALSE
304.132.02-2,,FALSE
304.150.60-1,,FALSE
304.150.60-2,,TRUE
304.150.60-3,,FALSE
304.150.79-1,,FALSE
304.150.79-2,,FALSE
304.350.01-2,,FALSE
304.417.85-1,,FALSE
304.417.85-2,,FALSE
304.442.51-1,,FALSE
304.442.51-2,,FALSE
304.501.38-1,,FALSE
304.537.64-3,,TRUE
304.537.64-1,,FALSE
304.537.64-2,,FALSE
304.608.92-1,,FALSE
304.608.92-2,,FALSE
304.608.92-3,,FALSE
304.646.92-1,,FALSE
304.646.92-2,,FALSE
304.667.47-1,,FALSE
304.667.47-2,,FALSE
305.036.55-1,,FALSE
305.036.55-2,,TRUE
305.036.55-3,,FALSE
401.286.14-1,,FALSE
401.286.14-2,,FALSE
402.176.58-1,,FALSE
402.176.58-2,,TRUE
402.422.95-1,,FALSE
402.422.95-2,,FALSE
402.454.30-1,,FALSE
402.454.30-2,,FALSE
402.467.88,,FALSE
402.631.41-1,,FALSE
402.631.41-2,,FALSE
402.640.13-1,,FALSE
402.640.13-2,,FALSE
403.217.54,,FALSE
403.445.95-1,,FALSE
403.445.95-2,,FALSE
403.515.00-1,,FALSE
403.515.00-2,,FALSE
403.516.99-1,,FALSE
403.516.99-2,,FALSE
403.528.87-1,,FALSE
403.528.87-2,,FALSE
403.530.52-1,,FALSE
403.530.52-2,,FALSE
403.546.45-1,,FALSE
403.546.45-2,,FALSE
403.546.45-3,,FALSE
403.555.55-1,,FALSE
403.555.55-2,,FALSE
403.555.55-3,,FALSE
403.667.90-1,,FALSE
403.667.90-2,,FALSE
403.688.31-1,,FALSE
403.688.31-2,,FALSE
403.751.29-1,,FALSE
403.751.29-2,,TRUE
403.891.93-1,,FALSE
403.891.93-2,,FALSE
403.914.07-1,,FALSE
403.914.07-2,,FALSE
404.016.04-1,,FALSE
404.016.04-2,,FALSE
404.075.78-2,,FALSE
404.075.78-3,,FALSE
404.150.74-1,,FALSE
404.150.74-2,,TRUE
404.185.72-1,,FALSE
404.185.72-2,,FALSE
404.216.64-1,,FALSE
404.216.64-2,,FALSE
404.219.18-1,,FALSE
404.219.18-2,,FALSE
404.219.18-3,,FALSE
404.463.58-1,,FALSE
404.463.58-2,,FALSE
404.463.58-3,,FALSE
404.537.68-1,,FALSE
404.537.68-2,,FALSE
404.537.68-3,,FALSE
404.569.17-1,,FALSE
404.569.17-2,,FALSE
404.569.17-3,,FALSE
492.919.36,,FALSE
502.665.06-1,,FALSE
502.665.06-2,,FALSE
502.720.60-1,,FALSE
502.720.60-2,,FALSE
502.973.91,,FALSE
502.992.86-1,,FALSE
503.080.21-1,,FALSE
503.080.21-2,,FALSE
503.153.14-1,,FALSE
503.153.14-2,,FALSE
503.201.36-1,,FALSE
503.201.36-2,,TRUE
503.201.36-3,,FALSE
503.207.30-2,,FALSE
503.207.30-1,,FALSE
503.295.61,,FALSE
503.393.67-1,,FALSE
503.393.67-2,,FALSE
503.393.67-3,,FALSE
503.403.80-1,,FALSE
503.403.80-2,,FALSE
503.408.08-1,,FALSE
503.408.08-2,,FALSE
503.529.00-1,,FALSE
503.529.00-2,,FALSE
503.543.53-1,,FALSE
503.543.91-1,,FALSE
503.543.91-2,,FALSE
503.556.92-1,,FALSE
503.556.92-2,,FALSE
503.556.92-3,,FALSE
503.557.34-1,,FALSE
503.557.34-2,,FALSE
503.667.75-1,,FALSE
503.667.75-2,,FALSE
503.668.41-1,,FALSE
503.668.41-2,,FALSE
503.786.84-1,,FALSE
503.786.84-2,,TRUE
503.786.84-3,,TRUE
504.098.93-1,,FALSE
504.098.93-2,,FALSE
504.150.78-1,,FALSE
504.150.78-2,,FALSE
504.180.86-1,,FALSE
504.180.86-2,,FALSE
504.219.13-1,,FALSE
504.219.13-2,,FALSE
504.219.13-3,,FALSE
504.219.13-4,,FALSE
504.219.13-5,,FALSE
504.397.53-1,,FALSE
504.397.53-2,,FALSE
504.417.70-1,,FALSE
504.417.70-2,,FALSE
504.463.53-1,,FALSE
504.463.53-2,,FALSE
504.463.53-3,,FALSE
504.544.42-1,,FALSE
504.544.42-2,,FALSE
504.653.46-1,,FALSE
504.653.46-2,,TRUE
504.717.24-1,,FALSE
504.717.24-2,,FALSE
504.812.09-1,,FALSE
504.812.09-2,,FALSE
504.812.09-3,,FALSE
590.113.89-1,,FALSE
590.113.89-2,,FALSE
003.556.61-2,,FALSE
003.556.61-1,,FALSE
602.176.81-1,,FALSE
602.176.81-2,,TRUE
602.222.82-1,,FALSE
602.222.82-2,,FALSE
602.454.29-2,,FALSE
603.000.05-1,,FALSE
603.000.05-2,,FALSE
603.224.08-1,,FALSE
603.224.08-2,,FALSE
603.224.13-1,,FALSE
603.224.13-2,,FALSE
603.297.25,,FALSE
603.407.75-1,,FALSE
603.407.75-2,,FALSE
603.407.75-3,,FALSE
603.469.42-2,,FALSE
603.469.61-1,,FALSE
603.469.61-2,,FALSE
603.491.96-1,,FALSE
603.491.96-2,,FALSE
603.496.72-1,,FALSE
603.496.72-2,,FALSE
603.535.36-1,,FALSE
603.535.36-2,,FALSE
603.546.25-1,,FALSE
603.546.25-2,,FALSE
603.546.25-3,,FALSE
603.546.68-1,,FALSE
603.546.68-2,,FALSE
603.609.52-1,,FALSE
603.609.52-2,,FALSE
603.609.52-3,,FALSE
603.667.46,,FALSE
603.667.51,,FALSE
603.698.20-1,,FALSE
603.698.20-2,,FALSE
603.698.20-3,,FALSE
603.775.37-1,,FALSE
603.775.37-2,,FALSE
603.775.37-3,,FALSE
603.910.48-1,,FALSE
603.910.48-2,,FALSE
603.911.33-2,,FALSE
603.986.29-1,,FALSE
603.986.29-2,,FALSE
604.016.03-1,,FALSE
604.016.03-2,,FALSE
604.048.09-1,,FALSE
604.048.09-2,,FALSE
604.048.09-3,,FALSE
604.048.09-4,,FALSE
604.056.20-1,,FALSE
604.056.20-2,,FALSE
604.072.90-1,,FALSE
604.072.90-2,,FALSE
604.073.08-1,,FALSE
604.073.08-2,,FALSE
604.073.08-3,,FALSE
604.131.92-1,,FALSE
604.131.92-2,,FALSE
604.154.69-1,,FALSE
604.154.69-2,,FALSE
604.154.69-3,,FALSE
604.601.26-1,,FALSE
604.601.26-2,,FALSE
604.653.55-1,,FALSE
604.653.55-2,,FALSE
701.402.95-1,,FALSE
701.402.95-2,,FALSE
702.216.87-2,,FALSE
702.665.05-1,,FALSE
702.665.05-2,,FALSE
702.694.29-1,,FALSE
702.694.29-2,,FALSE
703.222.19-1,,FALSE
703.222.19-2,,FALSE
703.222.19-3,,FALSE
703.302.19-1,,FALSE
703.302.19-2,,FALSE
703.473.52-1,,FALSE
703.473.52-2,,FALSE
703.473.52-3,,FALSE
703.473.52-4,,FALSE
703.493.27-2,,FALSE
703.493.27-3,,TRUE
703.493.27-4,,FALSE
703.515.08-1,,FALSE
703.515.08-2,,FALSE
703.530.60-1,,FALSE
703.530.60-2,,FALSE
703.542.05-1,,FALSE
703.542.05-2,,FALSE
703.546.44-1,,FALSE
703.546.44-3,,FALSE
703.546.63-1,,FALSE
703.546.63-2,,FALSE
703.546.63-3,,FALSE
703.553.99-1,,FALSE
703.553.99-2,,FALSE
703.553.99-3,,FALSE
703.557.33-1,,FALSE
703.557.33-2,,FALSE
703.629.79-1,,FALSE
703.629.79-2,,FALSE
703.629.79-3,,FALSE
703.629.79-4,,FALSE
703.651.38-1,,FALSE
703.651.38-2,,FALSE
703.651.38-3,,FALSE
703.651.62-1,,FALSE
703.651.62-2,,FALSE
703.651.62-3,,FALSE
703.651.76-1,,FALSE
703.651.76-2,,FALSE
703.667.79-1,,FALSE
703.667.79-2,,FALSE
703.667.79-3,,FALSE
703.786.83-1,,FALSE
703.786.83-2,,TRUE
703.786.83-3,,TRUE
703.862.49-1,,FALSE
703.862.49-2,,FALSE
703.862.49-3,,FALSE
703.867.63,,FALSE
703.911.37-1,,FALSE
703.911.37-2,,FALSE
703.911.37-3,,FALSE
704.004.59,,FALSE
704.042.52,,FALSE
704.043.71-1,,FALSE
704.043.71-2,,FALSE
704.050.35-1,,FALSE
704.050.35-2,,FALSE
704.135.06-1,,FALSE
704.135.06-2,,FALSE
704.150.58-1,,FALSE
704.150.58-2,,TRUE
704.150.58-3,,FALSE
704.216.86,,FALSE
704.223.94-1,,FALSE
704.223.94-2,,TRUE
704.341.89-1,,FALSE
704.341.89-2,,FALSE
704.523.00-2,,FALSE
704.569.25-1,,FALSE
704.569.25-2,,FALSE
704.717.23-1,,FALSE
704.717.23-2,,FALSE
704.804.02-1,,FALSE
704.804.02-2,,FALSE
704.979.59-1,,FALSE
704.979.59-2,,FALSE
802.454.28-1,,FALSE
802.454.28-2,,FALSE
802.675.71-1,,FALSE
802.675.71-2,,FALSE
802.694.24-1,,FALSE
802.694.24-2,,FALSE
802.828.40-1,,FALSE
802.828.40-2,,FALSE
803.223.13,,FALSE
803.424.34-1,,FALSE
803.424.34-2,,FALSE
803.440.70-1,,FALSE
803.440.70-2,,FALSE
803.525.69-1,,FALSE
803.525.69-2,,FALSE
803.525.69-3,,FALSE
803.535.35,,TRUE
803.543.56-1,,FALSE
803.543.56-3,,FALSE
803.543.75-1,,FALSE
803.543.75-2,,FALSE
803.555.39-1,,FALSE
803.555.39-2,,FALSE
803.556.95-1,,FALSE
803.556.95-3,,FALSE
803.591.89-1,,FALSE
803.591.89-2,,FALSE
803.599.81,,FALSE
803.627.52-1,,FALSE
803.627.52-2,,FALSE
803.631.72-1,,FALSE
803.631.72-2,,FALSE
803.687.73-1,,FALSE
803.687.73-2,,FALSE
803.914.53-3,,FALSE
803.914.53-1,,FALSE
803.914.53-2,,FALSE
804.043.56-1,,FALSE
804.043.56-2,,FALSE
804.048.13-1,,FALSE
804.048.13-2,,FALSE
804.048.13-3,,FALSE
804.048.13-4,,FALSE
804.135.01-1,,FALSE
804.135.01-2,,FALSE
804.150.67-1,,FALSE
804.150.67-2,,FALSE
804.156.04-1,,FALSE
804.156.04-2,,FALSE
804.216.57-1,,FALSE
804.216.57-2,,FALSE
804.216.57-3,,FALSE
804.238.83-1,,FALSE
804.238.83-2,,TRUE
804.317.17-1,,FALSE
804.317.17-2,,FALSE
804.350.13-1,,FALSE
804.350.13-2,,FALSE
804.500.70-1,,FALSE
804.500.70-2,,FALSE
804.500.70-3,,FALSE
901.582.51-1,,FALSE
901.582.51-2,,FALSE
901.831.99-1,,FALSE
901.831.99-2,,FALSE
902.444.49,,FALSE
902.558.98-1,,FALSE
902.558.98-2,,FALSE
902.573.69,,FALSE
902.802.04-1,,FALSE
902.802.04-2,,FALSE
902.945.26-1,,FALSE
902.945.26-2,,FALSE
903.223.17,,FALSE
903.302.18-1,,FALSE
903.302.18-2,,FALSE
903.361.35-1,,FALSE
903.361.35-2,,FALSE
903.410.33-1,,FALSE
903.410.33-2,,FALSE
903.546.24-1,,FALSE
903.546.24-2,,FALSE
903.546.24-3,,FALSE
903.546.57-1,,FALSE
903.546.57-2,,FALSE
903.546.62-2,,FALSE
903.557.32-2,,FALSE
903.585.42-1,,FALSE
903.585.42-2,,FALSE
903.585.42-3,,FALSE
903.786.82-1,,FALSE
903.786.82-2,,FALSE
903.868.99,,FALSE
903.977.46-1,,FALSE
903.977.46-2,,FALSE
904.022.72-1,,FALSE
904.022.72-2,,FALSE
904.048.03-1,,FALSE
904.048.03-2,,FALSE
904.048.03-3,,FALSE
904.048.03-4,,FALSE
904.071.37-1,,FALSE
904.071.37-2,,FALSE
904.369.98-1,,FALSE
904.369.98-2,,FALSE
904.369.98-3,,FALSE
904.428.19-1,,FALSE
904.428.19-2,,FALSE
904.442.53-1,,FALSE
904.442.53-2,,FALSE
904.500.79-1,,FALSE
904.500.79-2,,FALSE
904.500.79-3,,FALSE
904.519.55,,FALSE
904.530.87-1,,FALSE
904.530.87-2,,FALSE
904.530.87-3,,FALSE
904.569.05-1,,FALSE
904.569.05-2,,FALSE
203.361.91,,FALSE
404.719.46-1,,FALSE
404.719.46-2,,FALSE
903.408.06-1,,FALSE
804.717.27-1,,FALSE
403.291.42,,FALSE
403.192.61,,FALSE
303.156.21,,FALSE
103.291.29,,FALSE
102.804.77,,FALSE
104.048.02-2,,FALSE
301.633.02,,FALSE
603.420.53,,TRUE
103.823.48,,TRUE
903.408.06-2,,FALSE
1399.221.25,,FALSE
1399.221.252,,FALSE
1399.195.97,,FALSE
1399.209.66,,FALSE
002.494.92-1,,FALSE
002.494.92-2,,FALSE
002.606.01,,FALSE
002.665.04-1,,FALSE
002.665.04-2,,FALSE
002.665.04-3,,FALSE
002.749.24-1,,FALSE
002.749.24-2,,FALSE
003.598.24-1,,FALSE
003.598.24-2,,FALSE
004.550.81,,TRUE
004.717.26-1,,FALSE
102.787.14-1,,FALSE
102.787.14-2,,FALSE
103.469.54-1,,FALSE
103.469.54-2,,FALSE
103.546.23-1,,FALSE
103.911.35-1,,FALSE
103.911.35-2,,FALSE
104.395.66-1,,FALSE
201.583.20-1,,FALSE
201.583.20-2,,FALSE
202.494.86-1,,FALSE
202.494.86-2,,FALSE
203.546.65-1,,FALSE
203.546.65-2,,FALSE
204.004.79-1,,FALSE
204.004.79-2,,TRUE
204.417.81-1,,FALSE
204.417.81-2,,FALSE
301.606.24-1,,FALSE
301.606.24-2,,FALSE
105.302.64-1,,FALSE
105.302.64-2,,FALSE
303.546.22-1,,FALSE
303.546.22-2,,FALSE
303.546.60-1,,FALSE
303.546.60-2,,FALSE
304.135.27-1,,FALSE
304.135.27-2,,FALSE
304.350.01-1,,FALSE
304.501.38-2,,FALSE
304.537.59-1,,FALSE
304.537.59-2,,TRUE
402.774.64-1,,FALSE
402.774.64-2,,FALSE
403.513.50-1,,FALSE
403.513.50-2,,FALSE
404.075.78-1,,FALSE
502.992.86-2,,FALSE
502.994.51-1,,FALSE
502.994.51-2,,FALSE
503.543.53-2,,FALSE
503.543.53-3,,FALSE
503.546.64-1,,FALSE
503.546.64-2,,FALSE
503.546.64-3,,FALSE
503.617.54-1,,FALSE
503.617.54-2,,FALSE
504.105.37-1,,FALSE
504.105.37-2,,FALSE
602.454.29-1,,FALSE
603.469.37-1,,FALSE
603.469.37-2,,FALSE
603.911.33-1,,FALSE
702.216.87-1,,FALSE
702.977.00,,FALSE
703.342.36-1,,FALSE
703.342.36-2,,FALSE
703.342.36-3,,FALSE
703.493.27-1,,FALSE
703.546.44-2,,FALSE
704.523.00-1,,FALSE
803.498.50-1,,FALSE
803.498.50-2,,FALSE
803.498.50-3,,FALSE
803.498.50-4,,FALSE
803.498.50-5,,FALSE
803.543.56-2,,FALSE
803.546.67-1,,FALSE
803.546.67-2,,FALSE
803.556.95-2,,FALSE
803.725.05-1,,FALSE
803.725.05-2,,FALSE
804.417.59-1,,FALSE
804.417.59-2,,FALSE
804.417.59-3,,TRUE
901.850.37-1,,FALSE
903.080.24-1,,FALSE
903.080.24-2,,FALSE
903.377.00-1,,FALSE
903.377.00-2,,FALSE
903.546.43-1,,FALSE
903.546.43-2,,FALSE
903.546.62-1,,FALSE
903.556.90-1,,FALSE
903.556.90-2,,FALSE
903.557.32-1,,FALSE
903.786.82-3,,FALSE
NEED2,,FALSE
003.362.48,,FALSE
303.948.35,,FALSE
403.992.34,,FALSE
203.860.58,,FALSE
703.860.70,,FALSE
903.361.35,,FALSE
703.346.13,,FALSE
903.362.44,,FALSE
NEED,,FALSE
70297700,,FALSE
103.361.39,,FALSE
403.499.65,,FALSE
802.691.22-1,,FALSE
802.691.22-2,,FALSE
804.717.27-2,,FALSE
003.450.97,,FALSE
104.471.23,,FALSE
104.514.93,,FALSE
104.398.87,,TRUE
104.569.09,,TRUE
104.764.55,,TRUE
104.736.16,,FALSE
401.615.95,,TRUE
503.919.06,,FALSE
802.691.22,,FALSE
401.525.53,,FALSE
001.797.95,,FALSE
M.AK.23973.5,,FALSE
M.AK.23973.4,,FALSE
M.AK.23973.3,,FALSE
M.AK.23973.6,,FALSE
M.AK.23973,,FALSE
M.AK.23973.2,,FALSE
903.918.34,,TRUE
003.918.62,,TRUE
303.918.51,,TRUE
003.573.06,,TRUE
503.594.02,,TRUE
104.048.02-3,,FALSE
104.048.02-4,,FALSE
M.AK.23498,,FALSE
M.AK.23667,,FALSE
M.D.14210.10,,FALSE
M.DO.23493,,FALSE
M.AK.23499,,FALSE
M.AK.23500,,FALSE
M.AK.23501,,FALSE
M.AK.23502,,FALSE
M.AK.23503,,FALSE
M.D.14210.14,,FALSE
M.DO.23492,,FALSE
M.DO.234OC,,FALSE
403.265.77,,FALSE
803.404.73,,FALSE
901.877.53,,TRUE
304.028.40,,TRUE
204.028.31,,TRUE
502.048.01,,TRUE
804.559.06,,FALSE
403.033.64,,TRUE
104.722.97,,TRUE
104.619.01,,FALSE
104.670.69,,FALSE
302.695.15,,FALSE
602.630.55,,FALSE
502.467.59,,FALSE
404.174.50,,TRUE
903.196.59,,TRUE
302.567.92,,TRUE
204.439.78,,TRUE
404.680.86,,TRUE
702.628.28,,TRUE
901.857.49,,TRUE
403.199.73,,TRUE
403.410.16,,TRUE
302.628.73,,FALSE
802.628.75,,TRUE
002.628.84,,TRUE
293.068.73,,TRUE
593.880.04,,TRUE
693.861.08,,TRUE
403.345.63,,TRUE
303.345.92,,FALSE
904.741.41,,TRUE
803.339.53,,TRUE
103.346.06,,FALSE
703.339.39,,TRUE
305.108.68,,TRUE
603.339.49,,TRUE
104.289.16,,TRUE
003.339.71,,TRUE
903.339.57,,TRUE
503.321.15,,TRUE
603.346.04,,TRUE
203.346.20,,TRUE
403.400.45,,TRUE
604.289.09,,TRUE
604.741.52,,TRUE
603.400.49,,TRUE
294.423.66,,TRUE
993.199.90,,TRUE
193.199.94,,TRUE
901.850.37,,FALSE
293.200.77,,TRUE
893.200.79,,TRUE
993.200.69,,TRUE
293.200.82,,TRUE
093.200.78,,TRUE
093.200.40,,TRUE
193.200.54,,TRUE
793.050.41,,TRUE
993.200.50,,TRUE
293.200.39,,TRUE
604.399.03,,TRUE
804.398.84,,TRUE
904.398.31,,TRUE
404.397.39,,TRUE
204.397.97,,TRUE
404.398.38,,TRUE
401.850.54,,FALSE
393.198.89,,TRUE
593.198.88,,TRUE
993.198.91,,TRUE
704.399.07,,TRUE
404.398.76,,TRUE
904.398.88,,TRUE
004.398.35,,TRUE
404.397.44,,TRUE
004.397.98,,TRUE
604.398.42,,TRUE
204.397.35,,TRUE
302.811.74,,FALSE
904.399.06,,TRUE
304.398.34,,TRUE
304.397.49,,TRUE
204.398.01,,TRUE
804.398.41,,TRUE
104.399.05,,TRUE
104.398.73,,TRUE
304.398.86,,TRUE
504.398.33,,TRUE
404.398.00,,TRUE
004.398.40,,TRUE
304.723.38,,TRUE
104.723.44,,TRUE
004.723.49,,TRUE
804.397.37,,TRUE
704.723.60,,TRUE
504.723.42,,TRUE
604.723.70,,TRUE
004.723.73,,TRUE
904.398.74,,TRUE
104.723.63,,TRUE
604.397.38,,TRUE
204.723.86,,TRUE
404.723.71,,TRUE
004.726.55,,TRUE
504.726.53,,TRUE
304.726.49,,TRUE
704.726.33,,TRUE
404.726.39,,TRUE
504.722.43,,TRUE
104.722.40,,TRUE
504.398.71,,TRUE
203.223.06,,FALSE
004.722.93,,TRUE
904.397.32,,TRUE
004.721.89,,TRUE
704.722.99,,TRUE
104.721.98,,TRUE
704.722.04,,TRUE
404.722.10,,TRUE
004.397.36,,TRUE
904.722.03,,TRUE
401.815.79,,FALSE
404.399.04,,TRUE
504.398.85,,TRUE
003.216.90,,FALSE
904.397.46,,TRUE
804.397.99,,TRUE
204.398.39,,TRUE
293.199.22,,TRUE
801.850.33,,FALSE
493.199.21,,TRUE
704.881.01,,TRUE
202.962.13,,TRUE
302.961.75,,TRUE
003.475.29,,TRUE
404.816.29,,TRUE
404.817.66,,TRUE
504.817.75,,TRUE
004.817.73,,TRUE
604.816.33,,TRUE
604.815.67,,TRUE
804.817.69,,TRUE
404.816.05,,TRUE
004.816.07,,TRUE
604.816.14,,TRUE
504.816.19,,TRUE
104.816.16,,TRUE
005.161.07,,TRUE
705.161.04,,TRUE
404.815.49,,TRUE
204.817.67,,TRUE
402.516.66,,TRUE
101.972.61,,TRUE
104.040.05-2,,FALSE
105.042.316,,FALSE
803.478.89,,FALSE
104.040.05-1,,FALSE
503.140.17,,TRUE
403.939.82,,TRUE
303.376.18,,FALSE
192.909.57,,TRUE
103.635.14,,TRUE
201.674.90,,FALSE
903.410.33,,TRUE
404.521.70,,FALSE
404.521.46,,FALSE
603.410.20,,TRUE
203.410.22,,TRUE
903.408.06,,FALSE
603.407.75,,TRUE
503.408.08,,TRUE
303.321.21,,TRUE
903.321.23,,TRUE
301.678.47,,FALSE
491.572.64,,FALSE
591.576.16,,FALSE
391.573.54,,TRUE
391.575.42,,FALSE
292.120.68,,TRUE
802.961.73,,TRUE
702.962.15,,TRUE
703.095.95,,TRUE
304.339.69,,TRUE
903.132.85,,FALSE
902.961.77,,TRUE
903.172.93,,FALSE
303.172.91,,FALSE
602.961.69,,TRUE
503.475.36,,TRUE
392.395.38,,FALSE
402.096.20,,FALSE
601.905.25,,TRUE
090.042.54,,TRUE
093.321.80,,TRUE
591.777.37,,TRUE
591.777.04,,TRUE
103.306.13,,TRUE
303.306.12,,TRUE
001.905.28,,TRUE
504.730.30,,TRUE
202.939.88,,FALSE
802.020.80,,FALSE
802.138.42,,FALSE
201.692.53,,TRUE
202.375.58,,FALSE
202.329.09,,TRUE
804.311.52,,TRUE
102.032.62,,TRUE
002.644.30,,TRUE
003.535.63,,TRUE
702.216.87,,TRUE
092.549.74,,TRUE
303.403.81,,TRUE
103.397.36,,TRUE
803.392.95,,TRUE
103.392.94,,TRUE
903.421.98,,TRUE
303.392.93,,TRUE
591.912.67,,TRUE
004.305.85,,TRUE
493.385.47,,TRUE
102.574.29,,TRUE
793.909.25,,TRUE
091.933.63,,FALSE
003.368.37,,FALSE
003.368.42,,FALSE
002.969.64,,TRUE
302.969.67,,TRUE
602.930.62,,TRUE
002.967.80,,TRUE
302.984.19,,TRUE
102.969.68,,TRUE
102.998.20,,TRUE
503.467.73,,FALSE
903.467.71,,TRUE
703.467.72,,TRUE
091.810.77,,TRUE
391.810.85,,FALSE
191.810.67,,TRUE
491.810.61,,FALSE
503.467.68,,TRUE
103.467.70,,FALSE
703.467.67,,TRUE
303.467.69,,FALSE
804.417.35,,FALSE
503.425.34,,TRUE
092.974.31,,FALSE
902.744.82,,TRUE
802.744.87,,TRUE
704.468.80,,TRUE
101.775.69,,TRUE
404.349.68,,FALSE
803.910.90,,FALSE
192.843.10,,FALSE
092.941.78,,FALSE
892.443.11,,TRUE
492.443.13,,TRUE
192.843.05,,TRUE
792.843.07,,TRUE
004.349.70,,FALSE
404.470.08,,FALSE
204.470.09,,FALSE
203.910.93,,TRUE
004.349.65,,TRUE
704.349.62,,TRUE
602.992.19,,TRUE
704.067.42,,TRUE
104.048.78,,TRUE
602.163.04,,TRUE
002.873.61,,FALSE
804.317.17,,TRUE
103.109.26,,FALSE
604.315.39,,FALSE
503.117.35,,FALSE
404.315.97,,FALSE
704.320.72,,FALSE
204.320.55,,FALSE
304.315.45,,FALSE
303.109.25,,FALSE
603.110.61,,FALSE
604.320.77,,FALSE
292.168.20,,TRUE
092.975.63,,TRUE
992.975.68,,TRUE
092.167.55,,TRUE
304.684.35,,FALSE
904.684.37,,FALSE
004.317.21,,FALSE
103.117.23,,FALSE
704.320.86,,FALSE
604.315.58,,FALSE
403.110.62,,FALSE
003.411.36,,TRUE
303.411.49,,TRUE
092.975.58,,TRUE
303.917.28,,TRUE
392.531.24,,TRUE
403.917.23,,TRUE
603.917.22,,TRUE
702.155.30,,TRUE
103.542.32,,FALSE
603.000.05,,FALSE
903.277.20,,FALSE
703.240.15,,FALSE
403.684.83,,FALSE
603.684.82,,FALSE
102.781.44,,FALSE
501.761.05,,FALSE
603.989.07,,TRUE
993.264.86,,FALSE
402.484.19,,TRUE
702.794.14,,FALSE
402.794.15,,TRUE
194.365.73,,TRUE
694.365.75,,TRUE
403.167.95,,TRUE
403.221.74,,TRUE
504.551.68,,FALSE
704.901.42,,FALSE
704.901.42-1,,FALSE
704.901.42-2,,FALSE
704.901.42-3,,FALSE
004.901.45,,FALSE
503.201.36,,TRUE
691.838.65,,FALSE
091.838.68,,FALSE
194.280.64,,FALSE
602.404.55,,FALSE
104.072.97-1,,FALSE
801.669.06,,TRUE
201.769.51,,TRUE
703.222.19,,FALSE
303.112.70,,TRUE
792.819.31,,FALSE
192.819.34,,FALSE
503.875.08,,TRUE
103.875.10,,TRUE
192.417.16,,TRUE
203.874.92,,TRUE
803.874.94,,FALSE
703.875.12,,TRUE
303.875.14,,TRUE
303.859.25,,TRUE
903.859.27,,TRUE
803.875.16,,FALSE
701.770.24,,TRUE
004.236.03,,TRUE
001.819.82,,TRUE
101.655.47,,TRUE
403.618.01,,FALSE
203.617.98,,FALSE
303.867.55,,FALSE
803.867.67,,FALSE
803.868.85,,FALSE
003.868.08,,FALSE
003.868.13,,FALSE
403.868.06,,FALSE
504.021.89,,FALSE
604.021.98,,FALSE
904.021.92,,FALSE
202.177.96,,FALSE
202.448.32,,TRUE
103.917.29,,TRUE
503.917.27,,TRUE
303.911.01,,TRUE
801.890.26,,FALSE
004.243.63,,TRUE
802.267.69,,FALSE
804.787.81,,FALSE
203.066.41,,FALSE
703.120.79,,FALSE
902.503.15,,TRUE
202.503.09,,TRUE
903.207.52,,FALSE
503.573.75,,FALSE
RV32222,,FALSE
503.378.20,,TRUE
004.119.97,,TRUE
604.334.87,,TRUE
993.321.85,,TRUE
493.321.83,,FALSE
391.835.84,,TRUE
304.806.49,,FALSE
103.434.65,,TRUE
703.434.67,,TRUE
505.215.35,,TRUE
404.128.29,,TRUE
292.565.85,,FALSE
092.557.61,,FALSE
103.976.70,,FALSE
992.919.53,,FALSE
292.565.90,,FALSE
494.090.64,,TRUE
192.565.95,,FALSE
093.156.80,,FALSE
092.781.59,,FALSE
093.076.56,,FALSE
093.226.14,,FALSE
194.090.70,,TRUE
403.979.99,,FALSE
603.986.29,,FALSE
092.919.57,,FALSE
492.565.70,,FALSE
503.986.44,,FALSE
004.688.18,,FALSE
203.986.69,,FALSE
104.447.75,,FALSE
093.157.79,,FALSE
003.254.19,,FALSE
503.979.94,,FALSE
903.977.46,,FALSE
703.986.24,,FALSE
305.011.14,,TRUE
405.008.02,,TRUE
705.011.31,,TRUE
204.688.22,,FALSE
804.447.72,,FALSE
104.688.08,,FALSE
404.447.69,,FALSE
103.987.40,,FALSE
104.688.27,,FALSE
604.447.68,,FALSE
604.688.20,,FALSE
603.968.47,,FALSE
704.688.10,,FALSE
204.447.70,,FALSE
904.688.14,,FALSE
404.688.21,,FALSE
004.447.71,,FALSE
304.688.26,,FALSE
503.968.24,,FALSE
603.986.34,,FALSE
705.004.62,,FALSE
903.961.91,,FALSE
905.004.56,,FALSE
003.962.18,,FALSE
803.962.24,,FALSE
703.971.15,,FALSE
703.651.38,,TRUE
703.651.62,,TRUE
503.024.01,,FALSE
603.734.93,,TRUE
803.648.26,,FALSE
RSS107,,FALSE
BA701,,FALSE
BA01R,,FALSE
24050R,,FALSE
317-BA,,FALSE
9144,,FALSE
A1234,,FALSE
D1616,,FALSE
RYF299,,FALSE
RR62176,,FALSE
9081SS,,FALSE
9033T,,FALSE
19,,TRUE
DOWN002,,FALSE
RA109,,FALSE
A1018,,FALSE
BA140,,FALSE
R1085,,FALSE
R70BA,,FALSE
R73BA,,FALSE
RA1027,,FALSE
SS106,,FALSE
313BA,,FALSE
501BA,,FALSE
33561,,FALSE
A108,,TRUE
RA1207,,FALSE
20183BA,,FALSE
766SS,,FALSE
929241SS,,FALSE
D2007,,FALSE
D2008,,FALSE
SS123,,FALSE
BA05,,FALSE
BA6,,FALSE
R26W,,FALSE
RBA09,,FALSE
D2041,,FALSE
SS121,,FALSE
402.616.27,,FALSE
802.576.09,,TRUE
302.735.36,,FALSE
603.297.06,,TRUE
391.982.17,,FALSE
803.543.75,,FALSE
102.916.64,,FALSE
304.334.84,,TRUE
803.440.70,,TRUE
204.910.35,,FALSE
303.208.49,,TRUE
301.693.42,,TRUE
501.693.41,,TRUE
203.915.35,,TRUE
502.720.60,,FALSE
603.445.42,,FALSE
703.445.46,,FALSE
901.711.44,,FALSE
404.054.09,,FALSE
204.054.05,,FALSE
292.485.95,,FALSE
204.583.14,,TRUE
393.119.30,,TRUE
203.191.63,,FALSE
603.712.86,,FALSE
201.763.76,,TRUE
801.714.32,,FALSE
503.403.80,,FALSE
303.364.35,,TRUE
502.485.17,,TRUE
303.719.52,,TRUE
202.178.00,,TRUE
802.177.98,,TRUE
702.338.69,,FALSE
904.266.16,,TRUE
104.266.15,,TRUE
104.744.61,,TRUE
804.350.08-1,,FALSE
804.350.08-2,,FALSE
804.350.08-3,,FALSE
803.914.53,,FALSE
104.349.98,,FALSE
103.914.56,,FALSE
804.350.13,,FALSE
403.914.07,,FALSE
603.911.33,,FALSE
291.779.89,,FALSE
491.779.93,,FALSE
091.779.52,,FALSE
192.973.98,,FALSE
491.780.06,,FALSE
691.779.87,,FALSE
292.974.06,,FALSE
304.350.01,,FALSE
103.911.35,,FALSE
703.911.37,,FALSE
303.911.39,,FALSE
803.413.35,,FALSE
103.413.48,,FALSE
004.150.71,,TRUE
404.150.74,,TRUE
604.072.90,,TRUE
904.569.05,,TRUE
104.072.97,,TRUE
404.592.37,,TRUE
604.073.08,,TRUE
704.776.78,,TRUE
504.150.78,,TRUE
304.150.79,,TRUE
704.150.58,,TRUE
304.150.60,,TRUE
704.569.25,,TRUE
004.569.24,,TRUE
704.597.83,,TRUE
204.072.92,,TRUE
393.886.94,,TRUE
493.886.98,,TRUE
594.082.43,,TRUE
793.887.10,,TRUE
593.887.06,,TRUE
493.881.46,,TRUE
293.881.52,,TRUE
093.887.04,,TRUE
193.887.32,,TRUE
204.150.65,,TRUE
804.150.67,,TRUE
093.887.18,,TRUE
393.887.26,,TRUE
493.887.16,,TRUE
993.887.28,,TRUE
893.887.24,,TRUE
404.463.58,,TRUE
904.500.79,,TRUE
804.500.70,,TRUE
504.463.53,,TRUE
004.742.06,,TRUE
993.365.98,,TRUE
593.366.56,,TRUE
293.366.05,,TRUE
493.881.65,,TRUE
404.569.17,,TRUE
003.910.51,,TRUE
304.186.81,,FALSE
903.886.24,,TRUE
603.910.48,,TRUE
403.891.93,,TRUE
704.042.67,,TRUE
604.042.82,,FALSE
103.886.37,,TRUE
103.886.18,,TRUE
103.910.60,,TRUE
103.886.37-1,,FALSE
103.886.37-2,,FALSE
903.886.62,,TRUE
303.910.78,,TRUE
203.886.65,,TRUE
903.910.42,,TRUE
404.185.72,,FALSE
503.886.40,,TRUE
592.660.50,,TRUE
592.659.94,,TRUE
292.659.76,,TRUE
192.659.72,,TRUE
092.659.82,,TRUE
892.660.01,,TRUE
192.659.91,,TRUE
204.803.72,,TRUE
193.862.00,,TRUE
804.917.06,,TRUE
003.419.71,,TRUE
MM04,,FALSE
902.510.46,,TRUE
102.942.81,,TRUE
005.039.11,,TRUE
402.749.53,,FALSE
402.749.17-2,,FALSE
503.543.91,,FALSE
303.543.92-1,,FALSE
303.543.92-2,,FALSE
303.543.92,,FALSE
091.982.33,,TRUE
191.983.17,,TRUE
491.982.26,,TRUE
091.983.94,,TRUE
991.983.99,,TRUE
003.543.79,,TRUE
803.543.80,,TRUE
003.543.84,,TRUE
402.749.17,,FALSE
402.749.17-1,,FALSE
503.540.89,,TRUE
103.540.91,,TRUE
603.528.86,,TRUE
403.528.87,,TRUE
804.135.01,,TRUE
703.542.05,,FALSE
092.448.76,,FALSE
703.556.86,,TRUE
503.556.87,,TRUE
303.556.88,,TRUE
103.556.89,,TRUE
103.556.89-1,,FALSE
103.556.89-2,,FALSE
103.556.89-3,,TRUE
903.556.90,,FALSE
503.556.92,,TRUE
303.556.93,,TRUE
103.556.94,,TRUE
803.556.95,,TRUE
104.134.96,,TRUE
303.529.96,,TRUE
703.493.27,,TRUE
092.273.96,,TRUE
303.542.07,,TRUE
103.556.70,,TRUE
704.135.06,,TRUE
602.176.81,,TRUE
591.983.96,,TRUE
001.695.60,,TRUE
201.612.09,,TRUE
491.983.92,,TRUE
891.984.13,,TRUE
704.523.00,,TRUE
503.529.00,,TRUE
603.491.96,,FALSE
304.135.27,,TRUE
402.176.58,,TRUE
203.542.03,,TRUE
403.543.82,,FALSE
603.542.01,,FALSE
004.165.94,,FALSE
204.978.29,,TRUE
404.501.28,,TRUE
803.874.51,,FALSE
403.874.53,,FALSE
403.862.03,,TRUE
903.862.05,,TRUE
503.862.07,,TRUE
103.862.09,,TRUE
704.461.49,,TRUE
103.874.59,,TRUE
703.874.61,,TRUE
603.955.84,,FALSE
303.862.51,,TRUE
403.862.55,,TRUE
303.862.46,,TRUE
903.862.53,,TRUE
204.500.25,,TRUE
103.869.83,,TRUE
403.875.75,,TRUE
405.055.12,,TRUE
303.874.96,,FALSE
803.875.02,,FALSE
903.874.98,,FALSE
692.417.66,,TRUE
002.701.53,,FALSE
203.156.93,,FALSE
303.156.97,,FALSE
591.507.52,,TRUE
591.507.47,,TRUE
092.282.06,,TRUE
092.282.11,,TRUE
003.879.40,,TRUE
103.876.85,,TRUE
003.213.60,,TRUE
203.213.64,,TRUE
903.157.03,,FALSE
703.213.66,,TRUE
903.213.70,,TRUE
403.879.57,,TRUE
303.469.05,,FALSE
592.407.67,,TRUE
592.407.72,,TRUE
692.407.62,,TRUE
502.439.68,,TRUE
891.834.02,,FALSE
505.159.16,,TRUE
802.171.33,,TRUE
002.171.32,,TRUE
402.171.30,,TRUE
202.171.31,,TRUE
004.444.55,,TRUE
504.628.28,,TRUE
904.488.35,,TRUE
704.444.52,,TRUE
904.628.31,,TRUE
404.487.67,,TRUE
004.444.36,,TRUE
604.488.32,,TRUE
904.444.46,,TRUE
404.444.58,,TRUE
304.488.38,,TRUE
904.487.79,,TRUE
404.444.39,,TRUE
804.628.41,,FALSE
604.444.43,,TRUE
604.487.71,,TRUE
004.487.74,,TRUE
104.628.25,,TRUE
704.444.33,,TRUE
304.487.82,,TRUE
604.487.85,,TRUE
505.226.67,,TRUE
104.283.27,,TRUE
702.444.72,,FALSE
802.661.71,,FALSE
804.175.23,,TRUE
704.202.05,,TRUE
404.228.66,,TRUE
602.645.64,,FALSE
803.614.94,,TRUE
202.918.47,,TRUE
003.202.28,,FALSE
292.521.20,,FALSE
601.713.29,,TRUE
301.634.20,,FALSE
602.961.12,,TRUE
502.165.35,,FALSE
704.343.68,,FALSE
903.865.83,,TRUE
803.323.69,,FALSE
703.334.49,,FALSE
903.323.59,,FALSE
403.566.92,,TRUE
004.261.35,,FALSE
502.782.84,,TRUE
202.782.85,,FALSE
302.098.66,,TRUE
402.098.61,,FALSE
503.738.13,,TRUE
403.823.42,,TRUE
003.738.39,,FALSE
703.738.45,,FALSE
703.738.12,,TRUE
193.116.34,,FALSE
793.117.06,,FALSE
693.117.16,,FALSE
601.788.92,,TRUE
803.887.85,,FALSE
203.028.84,,FALSE
204.868.64,,TRUE
403.092.24,,TRUE
702.922.60,,TRUE
302.355.11,,TRUE
802.785.79,,TRUE
504.471.83,,TRUE
504.471.83-1,,FALSE
504.471.83-2,,FALSE
504.471.83-3,,FALSE
504.471.83-4,,FALSE
504.471.83-5,,FALSE
103.609.83,,TRUE
401.798.35,,TRUE
201.638.64,,TRUE
903.627.37,,TRUE
903.626.19,,TRUE
003.633.31,,TRUE
904.730.66,,TRUE
103.624.87,,TRUE
403.538.39,,TRUE
301.577.87,,TRUE
003.485.95,,TRUE
503.207.30,,TRUE
603.609.52,,TRUE
792.810.02,,TRUE
404.038.82,,TRUE
801.744.59,,FALSE
501.919.07,,TRUE
603.633.28,,FALSE
304.121.70,,TRUE
502.529.72,,TRUE
092.225.58,,TRUE
203.487.16,,TRUE
902.945.26,,TRUE
102.945.25,,TRUE
605.086.42,,TRUE
305.086.53,,TRUE
705.086.65,,FALSE
105.086.68,,TRUE
104.928.27,,TRUE
604.535.69,,TRUE
605.246.75,,TRUE
005.246.78,,TRUE
803.285.41,,TRUE
801.850.28,,FALSE
904.816.03,,TRUE
893.965.78,,TRUE
202.961.71,,TRUE
004.915.74,,TRUE
403.495.45,,TRUE
403.201.32-1,,FALSE
793.909.68,,FALSE
103.498.39,,TRUE
594.222.44,,FALSE
904.806.51,,TRUE
505.004.20,,FALSE
804.350.08,,FALSE
892.974.13,,FALSE
594.281.04,,TRUE
904.889.06,,TRUE
204.312.87,,TRUE
204.313.05,,TRUE
593.050.99,,TRUE
504.313.23,,TRUE
804.313.31,,TRUE
604.863.53,,TRUE
605.269.00,,TRUE
805.269.04,,TRUE
905.269.08,,TRUE
305.193.69,,FALSE
205.193.79,,FALSE
705.275.17,,TRUE
404.658.51,,FALSE
303.550.18,,FALSE
992.426.13,,TRUE
504.927.93,,TRUE
494.320.31,,TRUE
MM16,,FALSE
794.320.15,,TRUE
403.204.91,,FALSE
503.204.95-1,,FALSE
503.204.95-2,,FALSE
004.765.21,,TRUE
304.067.96,,FALSE
302.916.77,,TRUE
IKEALINNMON,,FALSE
MM19,,FALSE
905.205.05,,FALSE
093.915.51,,FALSE
002.710.15,,TRUE
402.710.23,,TRUE
105.087.10,,TRUE
003.469.35,,TRUE
303.551.36,,TRUE
603.625.07,,TRUE
904.732.07,,TRUE
105.198.84,,TRUE
105.177.62,,TRUE
502.903.61,,TRUE
794.295.79,,TRUE
694.281.27,,TRUE
602.711.40,,TRUE
304.506.71,,TRUE
104.342.67,,FALSE
205.009.64,,FALSE
102.983.97,,TRUE
803.069.21,,TRUE
803.945.50,,FALSE
605.009.95,,TRUE
903.740.66,,TRUE
203.655.22,,TRUE
190.973.56,,FALSE
601.617.97,,FALSE
203.468.02,,FALSE
502.149.99,,TRUE
302.583.24,,TRUE
201.660.75,,FALSE
103.824.33,,TRUE
101.718.26,,TRUE
501.873.64,,FALSE
702.142.29,,FALSE
004.294.31,,FALSE
205.218.53,,TRUE
004.026.53,,TRUE
804.313.07,,TRUE
004.313.11,,TRUE
692.971.45,,TRUE
101.750.04,,TRUE
502.740.16,,FALSE
102.740.18,,FALSE
702.740.20,,FALSE
502.460.90,,TRUE
303.101.57,,FALSE
504.199.53,,FALSE
804.945.40,,TRUE
803.636.24,,FALSE
303.924.31,,FALSE
603.658.03,,TRUE
092.077.13,,FALSE
404.275.81,,FALSE
304.452.98,,TRUE
M.AK.23974,,FALSE
003.786.72,,TRUE
604.213.33,,FALSE
603.786.69,,TRUE
403.786.70,,TRUE
104.212.98,,FALSE
203.786.71,,TRUE
105.013.65,,FALSE
803.629.12,,FALSE
203.518.79,,TRUE
805.013.57,,TRUE
405.013.59,,FALSE
005.013.61,,FALSE
503.518.87,,TRUE
603.518.77,,TRUE
603.629.13,,TRUE
004.959.25,,TRUE
604.717.28,,TRUE
993.840.56,,TRUE
204.719.47,,TRUE
804.719.49,,TRUE
204.717.25,,TRUE
504.717.19,,TRUE
904.717.17,,TRUE
504.717.24,,TRUE
704.717.18,,TRUE
804.717.27,,TRUE
404.717.29,,TRUE
104.717.21,,TRUE
004.717.26,,TRUE
704.717.23,,TRUE
404.719.46,,TRUE
004.719.48,,TRUE
294.814.28,,TRUE
105.193.51,,FALSE
194.846.20,,TRUE
794.828.21,,TRUE
194.405.89,,TRUE
502.048.15,,FALSE
KIVIK001,,FALSE
201.832.11,,FALSE
805.275.07,,TRUE
403.489.18,,FALSE
303.489.14,,FALSE
402.750.59,,FALSE
002.786.58,,FALSE
103.489.10,,TRUE
201.832.06,,FALSE
491.936.48,,FALSE
901.831.99,,FALSE
694.828.88,,FALSE
794.404.97,,TRUE
404.495.16,,TRUE
905.089.14,,TRUE
104.372.37,,TRUE
804.417.59,,TRUE
401.615.57,,TRUE
103.993.15,,TRUE
504.548.09,,FALSE
002.788.56,,TRUE
102.788.51,,FALSE
101.605.35,,FALSE
701.706.02,,FALSE
490.106.15,,TRUE
502.770.05,,TRUE
003.512.34,,TRUE
103.611.38,,FALSE
902.467.43,,FALSE
802.463.43,,FALSE
602.467.49,,FALSE
602.572.81,,FALSE
204.057.78,,TRUE
004.057.79,,TRUE
792.608.39,,TRUE
192.608.42,,TRUE
492.608.45,,TRUE
504.464.71,,TRUE
604.464.56,,TRUE
404.464.62,,FALSE
602.569.41,,TRUE
102.568.92,,TRUE
702.569.45,,TRUE
702.568.94,,TRUE
202.569.43,,TRUE
904.464.50,,TRUE
502.568.90,,TRUE
304.464.53,,TRUE
104.464.68,,TRUE
904.464.74,,TRUE
403.550.13,,TRUE
504.339.73,,FALSE
203.960.19,,FALSE
003.960.20,,FALSE
203.550.14,,TRUE
503.550.17,,TRUE
703.550.16,,TRUE
402.467.93,,FALSE
504.667.94,,TRUE
004.667.96,,TRUE
604.667.98,,TRUE
303.960.28,,FALSE
703.550.21,,FALSE
804.470.30,,TRUE
104.339.94,,TRUE
104.055.66,,TRUE
304.653.90,,TRUE
803.550.25,,TRUE
203.550.66,,TRUE
904.471.38,,FALSE
204.465.90,,FALSE
804.466.05,,TRUE
304.465.99,,TRUE
504.466.02,,TRUE
904.471.57,,FALSE
404.470.27,,FALSE
704.470.21,,TRUE
104.470.24,,FALSE
704.340.09,,FALSE
404.340.01,,FALSE
203.550.28,,TRUE
403.550.27,,FALSE
003.550.29,,TRUE
004.340.17,,FALSE
703.550.35,,TRUE
603.550.31,,TRUE
003.550.34,,TRUE
103.960.29,,FALSE
103.550.19,,TRUE
203.550.71,,TRUE
303.550.23,,TRUE
603.550.69,,TRUE
003.550.72,,TRUE
403.550.65,,TRUE
803.550.68,,TRUE
503.550.22,,TRUE
402.728.38,,FALSE
702.463.53,,FALSE
002.463.23,,FALSE
802.466.87,,FALSE
104.375.72,,FALSE
204.339.79,,FALSE
903.960.25,,FALSE
203.960.24,,FALSE
703.960.26,,FALSE
302.576.40,,TRUE
002.576.65,,TRUE
802.576.52,,TRUE
302.576.59,,TRUE
102.576.41,,TRUE
702.576.43,,TRUE
904.057.65,,TRUE
902.542.24,,FALSE
302.542.22,,FALSE
192.778.47,,TRUE
792.778.06,,TRUE
592.778.12,,TRUE
892.777.97,,TRUE
004.057.60,,TRUE
704.057.71,,TRUE
904.007.63,,TRUE
204.007.66,,TRUE
804.007.68,,TRUE
704.007.59,,TRUE
192.426.31,,TRUE
092.426.17,,TRUE
292.426.21,,TRUE
492.426.15,,TRUE
892.426.23,,TRUE
404.007.65,,TRUE
004.007.67,,TRUE
504.007.60,,TRUE
304.007.61,,TRUE
604.007.69,,TRUE
603.273.40,,FALSE
203.872.08,,TRUE
602.624.90,,TRUE
302.573.53,,FALSE
902.632.47,,TRUE
002.463.75,,TRUE
702.632.34,,TRUE
102.569.10,,TRUE
502.571.87,,TRUE
802.463.81,,FALSE
304.339.88,,TRUE
693.319.98,,TRUE
502.463.87,,TRUE
504.465.03,,FALSE
804.465.06,,TRUE
002.624.88,,TRUE
402.632.35,,FALSE
102.632.46,,TRUE
102.574.72,,TRUE
402.574.61,,TRUE
202.574.62,,TRUE
804.375.78,,TRUE
604.375.60,,FALSE
204.375.57,,FALSE
302.463.69,,FALSE
704.339.91,,TRUE
192.494.73,,FALSE
292.493.64,,TRUE
292.495.33,,TRUE
692.493.76,,TRUE
092.494.97,,TRUE
093.320.76,,TRUE
503.960.32,,FALSE
102.463.89,,TRUE
204.375.81,,TRUE
802.463.57,,TRUE
602.463.77,,TRUE
602.463.63,,TRUE
904.339.85,,TRUE
904.470.96,,FALSE
604.470.93,,FALSE
204.465.28,,FALSE
604.465.50,,TRUE
204.470.90,,FALSE
102.573.73,,FALSE
702.573.65,,FALSE
204.465.47,,TRUE
704.465.35,,TRUE
502.573.52,,FALSE
104.465.38,,TRUE
504.465.41,,TRUE
502.574.65,,TRUE
802.577.70,,FALSE
702.780.04,,FALSE
803.960.35,,FALSE
902.735.00,,TRUE
502.779.58,,TRUE
302.779.64,,FALSE
702.779.62,,TRUE
002.577.88,,FALSE
802.779.90,,TRUE
502.779.96,,TRUE
303.960.33,,FALSE
202.779.93,,TRUE
302.779.83,,TRUE
702.735.01,,TRUE
102.779.79,,TRUE
702.779.76,,TRUE
102.779.60,,TRUE
704.465.64,,TRUE
304.465.61,,TRUE
293.320.61,,TRUE
904.465.58,,TRUE
302.572.54,,TRUE
402.572.58,,TRUE
702.572.52,,TRUE
802.572.56,,TRUE
002.572.60,,TRUE
602.572.62,,TRUE
203.274.55,,TRUE
402.603.74,,TRUE
602.603.73,,TRUE
903.684.90,,TRUE
303.684.93,,TRUE
204.437.75,,FALSE
602.569.36,,TRUE
402.571.83,,TRUE
392.778.27,,TRUE
604.057.62,,TRUE
704.007.64,,TRUE
302.735.03,,TRUE
693.320.64,,TRUE
304.367.79,,TRUE
604.367.87,,TRUE
104.367.75,,TRUE
691.579.27,,TRUE
091.579.25,,TRUE
103.306.65,,FALSE
091.579.30,,TRUE
002.135.44,,TRUE
302.135.47,,TRUE
502.135.51,,TRUE
102.135.48,,TRUE
303.530.57,,TRUE
903.530.59,,TRUE
401.690.54,,TRUE
102.213.17,,TRUE
102.502.58,,TRUE
003.153.97,,TRUE
303.557.06,,TRUE
703.557.28,,TRUE
103.557.31-1,,FALSE
103.557.31-2,,FALSE
103.557.31,,TRUE
903.557.32,,TRUE
703.557.33,,TRUE
503.557.34,,TRUE
103.349.27,,TRUE
703.349.34,,TRUE
403.349.35,,FALSE
503.348.69,,TRUE
193.082.74,,TRUE
203.712.26,,FALSE
203.587.86,,TRUE
202.039.59,,FALSE
603.429.96,,FALSE
603.570.30,,TRUE
803.570.29,,TRUE
504.259.92,,TRUE
204.768.17,,FALSE
603.509.67,,FALSE
303.513.22,,FALSE
803.230.15,,FALSE
301.606.24,,FALSE
191.326.99,,FALSE
901.659.73,,TRUE
703.630.97,,FALSE
302.980.04,,FALSE
502.751.29,,TRUE
202.752.15,,FALSE
304.372.41,,TRUE
902.777.77,,FALSE
201.615.58,,TRUE
102.890.86,,TRUE
004.038.36,,FALSE
804.592.78,,TRUE
402.927.18,,FALSE
804.460.97,,TRUE
303.440.77,,FALSE
803.962.43,,TRUE
203.512.33,,TRUE
403.867.31,,TRUE
503.153.14,,TRUE
303.871.37,,TRUE
102.974.49,,FALSE
402.974.43,,FALSE
904.246.55,,FALSE
703.342.36,,TRUE
904.092.97,,TRUE
802.229.31,,FALSE
691.579.32,,FALSE
603.306.63,,FALSE
403.306.64,,FALSE
303.306.69,,FALSE
503.306.68,,FALSE
203.578.95,,TRUE
703.732.61-1,,FALSE
703.732.61-2,,FALSE
703.732.61,,TRUE
504.812.09,,TRUE
504.180.86,,FALSE
903.302.18,,TRUE
703.302.19,,TRUE
503.530.56,,TRUE
804.525.97,,FALSE
302.599.17,,TRUE
904.110.83,,TRUE
902.802.04,,TRUE
903.636.52,,FALSE
703.255.19,,TRUE
102.555.76,,FALSE
502.665.06,,TRUE
802.039.56,,TRUE
704.804.02,,TRUE
303.222.40,,TRUE
103.494.53,,TRUE
804.200.40,,TRUE
204.349.74,,TRUE
801.861.98,,FALSE
304.182.14,,FALSE
404.321.39,,FALSE
804.321.42,,FALSE
104.321.45,,FALSE
294.164.52,,FALSE
294.175.26,,TRUE
094.167.59,,TRUE
394.171.54,,TRUE
994.175.75,,FALSE
094.167.64,,TRUE
394.319.18,,TRUE
094.318.68,,TRUE
794.319.21,,TRUE
094.168.20,,TRUE
794.319.83,,TRUE
294.319.28,,TRUE
794.320.39,,TRUE
294.320.27,,TRUE
294.176.54,,TRUE
794.176.56,,TRUE
394.168.66,,TRUE
594.176.24,,TRUE
394.319.75,,TRUE
194.318.63,,FALSE
894.319.87,,TRUE
394.176.20,,TRUE
094.170.75,,TRUE
194.175.55,,TRUE
294.167.77,,TRUE
094.167.83,,FALSE
994.171.94,,TRUE
594.171.10,,TRUE
194.170.70,,TRUE
594.167.71,,TRUE
194.176.35,,TRUE
594.169.07,,TRUE
594.168.94,,TRUE
994.167.74,,TRUE
794.167.46,,FALSE
094.171.36,,TRUE
094.172.02,,TRUE
294.172.96,,TRUE
094.176.50,,FALSE
694.175.29,,TRUE
594.175.58,,FALSE
394.169.13,,TRUE
694.167.80,,FALSE
104.608.12,,TRUE
304.606.65,,TRUE
204.608.21,,TRUE
204.608.35,,TRUE
704.608.14,,TRUE
604.606.64,,TRUE
904.606.67,,TRUE
504.608.34,,TRUE
504.608.29,,TRUE
401.764.55,,TRUE
204.240.98,,FALSE
304.135.51,,FALSE
792.757.65,,TRUE
192.702.90,,TRUE
104.134.15,,FALSE
104.241.12,,FALSE
704.241.14,,FALSE
504.134.04,,FALSE
904.134.16,,FALSE
092.757.78,,TRUE
192.703.27,,TRUE
492.726.88,,TRUE
292.703.55,,TRUE
192.703.65,,TRUE
092.758.15,,TRUE
092.699.80,,TRUE
902.924.00,,TRUE
904.130.96,,FALSE
204.240.84,,FALSE
204.130.90,,FALSE
504.130.98,,FALSE
502.923.98,,TRUE
602.718.33,,FALSE
390.317.03,,TRUE
202.718.30,,FALSE
390.317.55,,FALSE
992.528.81,,TRUE
303.205.66,,TRUE
003.205.20,,FALSE
904.105.35-1,,FALSE
904.105.35-2,,FALSE
292.522.95,,FALSE
191.780.79,,TRUE
592.528.64,,TRUE
992.526.16,,TRUE
003.308.21,,TRUE
304.461.32,,FALSE
702.916.75,,TRUE
601.913.70,,FALSE
702.629.94,,FALSE
304.243.71,,FALSE
204.243.76,,FALSE
192.772.82,,TRUE
092.772.87,,TRUE
103.261.78,,TRUE
601.864.01,,TRUE
601.685.29,,TRUE
001.685.27,,TRUE
201.863.99,,TRUE
801.666.71,,FALSE
192.895.34,,FALSE
704.043.71,,FALSE
004.050.91,,FALSE
604.131.92,,FALSE
292.569.72,,FALSE
792.570.35,,FALSE
092.571.66,,FALSE
092.571.28,,FALSE
092.919.95,,FALSE
392.919.94,,FALSE
304.070.22,,FALSE
204.070.27,,FALSE
504.131.97,,FALSE
204.058.77,,FALSE
304.132.02,,FALSE
092.574.68,,FALSE
092.776.40,,FALSE
504.136.87,,FALSE
504.043.72,,FALSE
704.136.67,,FALSE
804.043.75,,FALSE
404.051.45,,FALSE
104.050.57,,FALSE
704.051.20,,FALSE
304.070.17,,FALSE
604.136.77,,FALSE
604.059.22,,FALSE
004.070.33,,FALSE
604.058.61,,FALSE
504.058.90,,FALSE
604.136.82,,FALSE
904.055.86,,FALSE
804.043.56,,FALSE
704.050.35,,FALSE
704.063.94,,FALSE
604.056.20,,FALSE
204.055.75,,FALSE
404.051.26,,FALSE
101.931.64,,TRUE
003.300.67,,TRUE
303.200.57,,TRUE
804.338.96,,TRUE
392.452.14,,FALSE
092.452.15,,FALSE
294.160.89,,TRUE
594.163.37,,TRUE
693.313.66,,FALSE
592.141.98,,FALSE
192.464.17,,FALSE
292.141.90,,FALSE
692.141.88,,FALSE
LINNMON002,,FALSE
892.222.53,,FALSE
492.464.06,,FALSE
294.162.11,,TRUE
794.163.60,,TRUE
493.308.34,,FALSE
592.464.58,,FALSE
092.142.90,,FALSE
994.161.99,,TRUE
594.163.56,,TRUE
494.163.47,,TRUE
093.313.74,,FALSE
992.464.61,,FALSE
392.299.35,,FALSE
202.610.58,,FALSE
204.902.10,,TRUE
404.736.05,,TRUE
092.464.08,,TRUE
403.537.35,,FALSE
003.537.37,,FALSE
304.736.15,,FALSE
003.617.56,,TRUE
503.611.79,,FALSE
603.537.39,,FALSE
492.464.49,,FALSE
PR-251,,FALSE
493.319.37,,TRUE
794.454.52,,TRUE
594.454.67,,TRUE
904.151.61,,TRUE
104.593.14,,FALSE
704.797.57,,TRUE
704.797.38,,TRUE
604.797.48,,TRUE
504.290.18,,FALSE
993.870.31,,TRUE
093.871.39,,TRUE
401.607.08,,TRUE
893.870.36,,TRUE
593.871.27,,TRUE
393.871.33,,TRUE
801.607.11,,TRUE
692.808.85,,FALSE
892.050.55,,FALSE
598.755.70,,FALSE
291.498.97,,FALSE
801.924.58,,TRUE
403.245.83,,FALSE
603.234.17,,FALSE
101.586.55,,FALSE
303.234.09,,FALSE
904.315.33,,TRUE
203.529.87,,TRUE
803.529.51,,TRUE
704.499.06,,TRUE
404.498.99,,TRUE
704.315.34,,TRUE
803.529.27,,TRUE
104.499.09,,TRUE
504.988.94,,TRUE
303.535.66,,TRUE
103.535.67,,FALSE
204.305.89,,TRUE
404.305.93,,TRUE
904.305.95,,TRUE
402.821.87,,TRUE
504.182.13,,TRUE
302.821.78,,TRUE
702.821.81,,TRUE
404.310.74,,TRUE
17315,,FALSE
9085SS,,FALSE
9086SS,,FALSE
10514,,FALSE
R17505,,FALSE
17550,,FALSE
9084SS,,FALSE
58186,,FALSE
58216,,FALSE
RAW209,,FALSE
RRBA476,,FALSE
58191,,FALSE
R24117,,FALSE
RBA474,,FALSE
V24112,,FALSE
58207,,FALSE
66286,,FALSE
BA414,,FALSE
BA415,,FALSE
BA418,,FALSE
BA419,,FALSE
BA420,,FALSE
RA3008,,FALSE
RR24101,,FALSE
24103,,FALSE
24105,,FALSE
BA357,,FALSE
BA479,,FALSE
89494,,FALSE
17547,,FALSE
89471,,FALSE
89472,,FALSE
R17522,,FALSE
BA439,,FALSE
WW3040,,FALSE
10517,,FALSE
17533,,FALSE
17534,,FALSE
RYF66108,,FALSE
RRV39238,,FALSE
RW105,,FALSE
RW106,,FALSE
RW107,,FALSE
RW109,,FALSE
9061SS,,FALSE
9088SS,,FALSE
201.785.92,,FALSE
904.466.24,,FALSE
102.886.85,,FALSE
992.523.67,,TRUE
292.523.80,,TRUE
892.527.87,,TRUE
803.324.25,,FALSE
504.105.37,,TRUE
303.522.51,,FALSE
203.308.15,,TRUE
292.525.54,,TRUE
892.525.94,,TRUE
803.526.54,,TRUE
403.308.19,,TRUE
803.525.69,,FALSE
202.916.68,,TRUE
602.916.71,,TRUE
902.954.65,,TRUE
902.916.79,,TRUE
202.954.64,,TRUE
704.710.30,,FALSE
304.536.98,,FALSE
202.620.05,,TRUE
603.875.79,,TRUE
403.116.32,,FALSE
903.768.57,,FALSE
202.484.44,,TRUE
704.210.40,,FALSE
302.022.66,,TRUE
302.471.37,,FALSE
304.403.33,,TRUE
503.633.76,,FALSE
393.062.74,,FALSE
904.442.53,,FALSE
304.442.51,,FALSE
703.530.60,,TRUE
303.530.62,,TRUE
804.457.81,,TRUE
203.308.63,,FALSE
802.157.18,,TRUE
703.200.55,,TRUE
303.200.95,,TRUE
701.858.30,,TRUE
501.858.31,,TRUE
202.435.97,,TRUE
601.615.80,,FALSE
402.513.41,,FALSE
804.572.36,,TRUE
903.530.64,,TRUE
603.530.65,,TRUE
303.824.51,,TRUE
803.657.17,,TRUE
804.080.62,,FALSE
605.153.22,,TRUE
803.286.78,,TRUE
904.050.44,,FALSE
393.377.13,,TRUE
204.604.06,,FALSE
401.931.29,,TRUE
802.773.96,,TRUE
204.154.66,,TRUE
604.154.69,,TRUE
904.369.98,,FALSE
304.710.27,,TRUE
102.787.14,,TRUE
902.257.88,,FALSE
102.257.92,,FALSE
302.937.23,,TRUE
101.728.16,,FALSE
703.384.04,,TRUE
802.539.89,,TRUE
404.414.74,,TRUE
901.664.68,,FALSE
401.552.31,,FALSE
403.990.31,,TRUE
503.990.21,,TRUE
002.771.97,,TRUE
002.787.24,,TRUE
801.628.90,,TRUE
801.631.73,,TRUE
001.609.32,,FALSE
803.843.01,,FALSE
903.955.92,,TRUE
903.874.55,,FALSE
303.874.63,,FALSE
304.530.90,,TRUE
904.369.79,,TRUE
203.955.95,,TRUE
803.863.76,,TRUE
003.862.62,,TRUE
303.964.05,,FALSE
302.787.08,,TRUE
803.347.59,,TRUE
003.347.58,,FALSE
305.309.94,,TRUE
103.467.51,,TRUE
202.749.23,,FALSE
220.494.24,,FALSE
302.494.76,,FALSE
503.080.21,,FALSE
002.749.24,,FALSE
903.080.24,,FALSE
202.651.79-1,,FALSE
202.651.79-2,,FALSE
790.094.51,,TRUE
390.094.53,,TRUE
390.191.88,,TRUE
590.094.47,,TRUE
790.095.64,,TRUE
692.006.43,,TRUE
491.994.62,,TRUE
692.010.15,,TRUE
391.997.78,,TRUE
092.003.06,,TRUE
192.009.52,,TRUE
091.992.18,,TRUE
292.010.17,,TRUE
202.494.86,,TRUE
990.095.63,,TRUE
590.095.60,,TRUE
792.009.68,,TRUE
391.992.69,,TRUE
592.009.69,,TRUE
003.544.97,,TRUE
603.544.99,,TRUE
203.544.96,,FALSE
403.545.08,,TRUE
MALMOK004,,FALSE
MALMOK001,,FALSE
MALMOK002,,FALSE
MALMOK003,,FALSE
MALMWH001,,FALSE
MALMWH002,,FALSE
MALMWH004,,FALSE
294.882.60,,TRUE
103.546.42,,TRUE
503.546.21,,TRUE
103.546.56,,TRUE
303.546.22,,TRUE
903.546.43,,TRUE
303.546.60,,TRUE
103.546.23,,TRUE
903.546.62,,TRUE
203.546.46,,TRUE
603.546.25,,TRUE
203.546.65,,TRUE
903.546.24,,TRUE
703.546.44,,TRUE
203.546.70,,TRUE
503.546.64,,TRUE
603.546.68,,TRUE
803.546.67,,TRUE
403.546.45,,TRUE
901.582.51,,FALSE
603.611.50,,TRUE
203.611.52,,TRUE
703.598.25,,TRUE
503.617.54,,TRUE
003.598.24,,TRUE
403.554.09,,TRUE
804.299.79,,TRUE
504.299.71,,TRUE
404.300.03,,TRUE
804.299.98,,TRUE
604.224.22,,FALSE
104.048.02,,TRUE
302.631.13,,FALSE
604.048.09,,TRUE
804.048.13,,TRUE
292.006.21,,TRUE
791.995.83,,TRUE
592.004.98,,TRUE
491.990.04,,FALSE
192.009.71,,TRUE
892.007.36,,TRUE
191.990.05,,FALSE
992.009.72,,TRUE
191.997.79,,TRUE
991.312.62,,FALSE
190.273.92,,TRUE
502.494.75,,FALSE
790.273.89,,TRUE
990.094.50,,TRUE
904.048.03,,TRUE
594.178.03,,TRUE
203.653.67,,TRUE
903.653.64,,TRUE
003.653.49,,TRUE
603.823.22,,TRUE
702.675.57,,FALSE
903.823.25,,TRUE
903.653.59,,TRUE
301.766.44,,TRUE
703.651.76,,TRUE
802.675.71,,FALSE
602.461.98,,TRUE
001.623.80,,TRUE
301.840.50,,TRUE
003.542.23,,TRUE
802.711.15,,TRUE
504.294.38,,TRUE
404.349.87,,FALSE
404.211.93,,TRUE
204.211.94,,TRUE
704.211.96,,TRUE
404.470.70,,FALSE
104.349.84,,FALSE
004.470.72,,FALSE
604.349.86,,FALSE
804.349.85,,FALSE
604.211.87,,TRUE
MM120,,FALSE
293.195.16,,FALSE
792.463.77,,TRUE
103.657.25,,TRUE
902.708.89,,TRUE
402.709.38,,TRUE
993.652.32,,FALSE
102.710.29,,TRUE
102.903.96,,FALSE
902.710.30,,TRUE
502.710.27,,TRUE
202.710.19,,TRUE
802.710.21,,TRUE
203.542.84,,TRUE
203.542.79,,TRUE
403.542.78,,TRUE
603.542.77,,TRUE
003.542.75,,TRUE
803.542.76,,TRUE
803.542.81,,TRUE
304.159.94,,TRUE
603.542.82,,TRUE
403.542.83,,TRUE
092.233.22,,TRUE
103.542.70,,TRUE
903.542.71,,TRUE
503.394.14,,FALSE
391.246.17,,TRUE
504.599.96,,TRUE
401.796.04,,TRUE
592.770.20,,TRUE
591.317.92,,FALSE
504.005.76,,FALSE
802.937.73,,TRUE
802.937.73-1,,FALSE
802.937.73-2,,FALSE
802.937.73-3,,FALSE
094.084.72,,TRUE
802.414.11,,FALSE
702.797.58,,FALSE
302.974.67,,TRUE
802.948.81,,FALSE
902.948.90,,FALSE
903.786.82,,FALSE
303.786.80,,TRUE
503.786.79,,TRUE
003.786.86,,TRUE
203.786.85,,TRUE
203.786.85-1,,FALSE
203.786.85-2,,FALSE
503.786.84,,TRUE
703.786.83,,TRUE
004.646.79,,TRUE
903.347.54,,TRUE
203.347.57,,FALSE
403.410.35,,FALSE
804.610.83,,TRUE
104.889.67,,TRUE
401.678.56,,FALSE
504.889.70,,TRUE
MALA 002,,TRUE
803.277.73,,FALSE
303.277.75,,FALSE
294.177.91,,TRUE
194.178.00,,TRUE
904.611.05,,TRUE
403.513.26,,FALSE
602.989.55,,FALSE
202.974.58,,FALSE
203.428.42,,FALSE
003.530.68,,FALSE
701.355.95,,TRUE
003.878.03,,TRUE
602.711.02,,TRUE
402.710.99,,TRUE
302.711.08,,TRUE
702.711.06,,TRUE
302.711.13,,TRUE
193.195.26,,FALSE
702.801.01,,TRUE
302.801.03,,TRUE
892.463.72,,TRUE
803.657.36,,TRUE
592.463.78,,TRUE
701.722.05,,TRUE
303.602.27,,TRUE
902.710.25,,TRUE
102.708.93,,TRUE
103.960.34,,FALSE
103.964.49-2,,FALSE
103.964.49-1,,FALSE
191.246.23,,TRUE
703.042.39,,FALSE
303.042.36,,FALSE
104.007.62,,TRUE
103.976.70-2,,FALSE
103.967.98,,FALSE
704.228.55,,TRUE
404.213.91,,TRUE
901.670.95,,FALSE
703.862.49,,TRUE
103.742.30,,FALSE
801.607.92,,TRUE
302.948.88,,FALSE
801.794.33,,TRUE
202.410.46,,FALSE
902.410.43,,FALSE
803.687.73,,TRUE
803.509.71,,FALSE
504.005.76-1,,FALSE
504.005.76-2,,FALSE
504.005.76-3,,FALSE
103.485.85,,TRUE
991.580.20,,TRUE
391.580.18,,TRUE
691.580.26,,TRUE
803.306.62,,FALSE
803.306.57,,FALSE
003.306.61,,FALSE
203.306.84,,FALSE
203.306.60,,FALSE
191.580.24,,TRUE
401.925.49,,FALSE
MM20,,FALSE
604.073.65,,TRUE
903.203.23,,TRUE
003.203.13,,TRUE
803.203.14,,TRUE
103.203.22,,TRUE
004.770.40,,TRUE
004.681.06,,TRUE
804.681.07,,TRUE
704.680.80,,TRUE
204.770.39,,TRUE
404.476.78,,TRUE
804.476.81,,FALSE
004.394.73,,TRUE
892.398.28,,TRUE
592.084.23,,TRUE
392.084.24,,TRUE
692.117.12,,FALSE
403.556.59,,TRUE
803.556.57,,TRUE
903.659.29,,FALSE
203.659.42,,FALSE
204.019.02,,TRUE
803.498.50,,TRUE
003.660.04,,FALSE
403.838.17,,TRUE
303.914.22,,FALSE
103.660.08,,FALSE
103.834.80,,TRUE
003.498.54,,TRUE
792.084.22,,TRUE
104.150.37,,FALSE
403.513.12,,TRUE
norsborgred001,,FALSE
503.042.21,,FALSE
803.042.10,,FALSE
803.040.69,,FALSE
103.041.81,,FALSE
803.192.97,,FALSE
003.037.52,,FALSE
904.057.89,,TRUE
304.381.65,,FALSE
003.414.95,,TRUE
504.554.65,,FALSE
303.414.94,,TRUE
103.416.02,,FALSE
903.437.96,,FALSE
804.351.12,,FALSE
304.351.19,,FALSE
404.351.09,,FALSE
104.351.15,,FALSE
093.188.05,,FALSE
404.865.80,,FALSE
903.436.64,,TRUE
804.514.99,,FALSE
902.823.83,,TRUE
202.823.86,,TRUE
301.622.08,,TRUE
402.838.27,,FALSE
602.841.90,,FALSE
802.336.04,,FALSE
502.336.05,,FALSE
302.336.06,,TRUE
702.002.70,,FALSE
903.657.93,,TRUE
001.620.97,,FALSE
403.657.95,,FALSE
804.238.83,,TRUE
704.223.94,,TRUE
003.556.61,,TRUE
003.834.85,,TRUE
404.216.64,,FALSE
804.216.57,,FALSE
303.733.62,,TRUE
903.695.50,,TRUE
203.695.96,,FALSE
903.696.06-1,,FALSE
903.696.06-3,,FALSE
903.696.06,,TRUE
903.696.06-2,,FALSE
703.626.82,,TRUE
503.626.83,,FALSE
403.041.89,,FALSE
404.526.22,,FALSE
904.712.46,,TRUE
003.124.93,,TRUE
101.895.48,,TRUE
002.493.31,,TRUE
102.589.14,,TRUE
902.643.03,,TRUE
202.666.78,,FALSE
OLOVSET4,,FALSE
702.643.04,,TRUE
201.672.11,,TRUE
210.672.11,,FALSE
201.672.06,,TRUE
103.485.90,,TRUE
304.743.42,,FALSE
104.743.43,,FALSE
104.013.42,,FALSE
894.160.29,,TRUE
404.750.20,,TRUE
604.750.57,,TRUE
904.750.65,,TRUE
003.516.01,,FALSE
602.756.85,,TRUE
603.516.03,,FALSE
605.327.98,,TRUE
702.756.18,,TRUE
504.042.92,,FALSE
302.755.59,,TRUE
504.928.92,,TRUE
204.774.16,,TRUE
604.928.96,,TRUE
302.756.20,,TRUE
704.774.33,,TRUE
403.599.97,,TRUE
302.341.06,,FALSE
602.589.16,,TRUE
203.189.41,,TRUE
403.920.82,,TRUE
301.934.84,,TRUE
204.417.81,,TRUE
304.417.85,,FALSE
504.417.70,,TRUE
303.133.25,,TRUE
703.542.91,,FALSE
493.301.60,,FALSE
793.301.54,,FALSE
393.301.13,,FALSE
293.362.81,,FALSE
793.362.74,,TRUE
793.291.41,,TRUE
393.288.98,,TRUE
093.289.13,,FALSE
393.362.90,,TRUE
293.955.67,,FALSE
393.249.42,,TRUE
493.293.07,,FALSE
493.293.12,,FALSE
593.293.02,,FALSE
793.305.16,,FALSE
093.247.12,,TRUE
593.318.71,,FALSE
193.250.23,,FALSE
293.307.50,,FALSE
193.842.58,,FALSE
493.304.76,,FALSE
193.304.30,,FALSE
793.958.81,,FALSE
393.958.97,,FALSE
493.958.68,,FALSE
593.958.20,,FALSE
193.307.41,,FALSE
093.305.72,,FALSE
693.856.13,,FALSE
693.306.54,,FALSE
893.306.05,,FALSE
493.306.31,,FALSE
893.250.53,,FALSE
293.307.31,,FALSE
193.307.36,,FALSE
993.305.77,,FALSE
093.309.92,,FALSE
893.293.53,,TRUE
393.362.85,,TRUE
693.846.56,,TRUE
793.856.03,,FALSE
493.959.86,,FALSE
293.959.73,,FALSE
793.959.75,,FALSE
993.301.91,,FALSE
593.301.93,,FALSE
293.362.95,,FALSE
893.363.01,,FALSE
593.857.03,,FALSE
693.363.16,,FALSE
093.250.28,,FALSE
593.957.97,,TRUE
193.958.17,,TRUE
293.250.51,,TRUE
293.249.47,,FALSE
093.295.16,,FALSE
693.295.23,,FALSE
293.961.66,,FALSE
093.209.12,,FALSE
693.295.61,,FALSE
199.309.41,,FALSE
098.960.37,,FALSE
398.960.45,,FALSE
799.308.96,,TRUE
098.960.18,,TRUE
398.960.26,,TRUE
090.546.11,,TRUE
190.548.37,,TRUE
198.960.27,,TRUE
090.549.13,,FALSE
598.960.54,,FALSE
490.549.11,,TRUE
198.960.65,,TRUE
293.311.13,,FALSE
593.313.38,,FALSE
193.313.16,,FALSE
192.180.18,,FALSE
493.311.07,,FALSE
093.310.72,,FALSE
193.856.96,,TRUE
192.179.95,,TRUE
593.311.21,,FALSE
693.313.52,,TRUE
193.313.21,,FALSE
392.213.74,,TRUE
392.183.43,,FALSE
192.185.13,,TRUE
303.551.22,,FALSE
302.502.76,,FALSE
902.502.78,,FALSE
602.224.18,,FALSE
202.224.20,,FALSE
802.224.22,,FALSE
402.224.24,,FALSE
202.502.67,,FALSE
602.502.65,,FALSE
804.733.64,,TRUE
204.733.76,,TRUE
492.517.61,,FALSE
703.551.20,,FALSE
393.856.81,,FALSE
993.314.40,,FALSE
093.856.73,,TRUE
393.856.76,,FALSE
393.242.49,,FALSE
493.246.87,,FALSE
493.314.28,,TRUE
393.305.61,,TRUE
203.960.38,,FALSE
103.551.23,,FALSE
803.551.29,,FALSE
303.551.41,,FALSE
603.960.36,,FALSE
203.551.08,,FALSE
003.551.14,,FALSE
403.551.26,,FALSE
403.551.12,,TRUE
503.551.21,,TRUE
903.551.24,,TRUE
203.551.27,,TRUE
803.551.10,,FALSE
503.551.16,,TRUE
003.551.28,,TRUE
803.551.34,,FALSE
103.551.37,,TRUE
503.551.40,,TRUE
903.551.19,,TRUE
603.551.25,,TRUE
403.551.31,,TRUE
903.551.43,,TRUE
103.551.18,,TRUE
103.551.42,,TRUE
003.551.33,,TRUE
003.551.09,,TRUE
603.551.30,,TRUE
403.960.37,,FALSE
503.551.35,,FALSE
203.551.13,,TRUE
KJ5SLV,,FALSE
H369CP,,FALSE
JC3955,,FALSE
JJZLH6,,FALSE
K8CNTG,,FALSE
K9HB2S,,FALSE
KJ5RYL,,FALSE
K8CQ6L,,FALSE
JF3RDS,,FALSE
design code KZ87T7,,TRUE
JC38BL,,FALSE
693.001.00,,FALSE
492.449.02,,FALSE
190.960.50,,FALSE
392.860.73,,FALSE
692.860.76,,FALSE
893.057.62,,FALSE
693.057.96,,FALSE
692.999.17,,FALSE
493.000.83,,FALSE
293.057.79,,FALSE
493.058.15,,FALSE
292.278.71,,TRUE
592.276.43,,FALSE
892.449.38,,FALSE
593.061.74,,FALSE
193.061.90,,FALSE
191.285.60,,FALSE
093.057.99,,FALSE
892.449.57,,TRUE
292.449.60,,FALSE
192.468.65,,FALSE
491.795.48,,FALSE
992.190.47,,FALSE
691.805.98,,FALSE
592.449.25,,TRUE
293.035.01,,TRUE
492.449.35,,FALSE
893.043.38,,TRUE
191.815.62,,FALSE
190.301.39,,TRUE
792.465.94,,TRUE
993.058.13,,FALSE
591.805.94,,FALSE
292.449.03,,FALSE
993.056.72,,FALSE
193.057.89,,FALSE
293.057.41,,FALSE
693.057.20,,FALSE
493.001.01,,TRUE
591.275.06,,FALSE
091.285.65,,TRUE
103.469.54,,FALSE
603.469.61,,TRUE
303.469.48,,FALSE
203.469.39,,TRUE
203.469.39-1,,FALSE
603.469.37,,TRUE
203.469.63,,TRUE
603.469.42,,TRUE
603.469.42-1,,FALSE
703.551.15,,TRUE
703.551.39,,TRUE
004.305.47,,TRUE
003.192.58,,FALSE
904.530.87,,TRUE
392.419.42,,TRUE
992.773.44,,TRUE
003.874.88,,TRUE
803.874.89,,TRUE
603.862.59,,TRUE
803.862.58,,TRUE
403.874.86,,TRUE
203.874.87,,TRUE
303.874.77,,TRUE
303.874.82,,TRUE
403.862.60,,TRUE
903.874.84,,TRUE
203.862.61,,TRUE
403.875.04,,TRUE
903.875.06,,TRUE
603.874.85,,TRUE
692.520.76,,TRUE
093.365.50,,TRUE
393.884.58,,TRUE
104.928.51,,TRUE
POANGCHAIR001,,FALSE
103.951.43,,TRUE
803.625.06,,TRUE
301.586.59,,FALSE
291.977.51,,TRUE
004.928.56,,TRUE
593.884.76,,TRUE
901.706.39,,FALSE
492.408.24,,TRUE
404.896.73,,TRUE
292.446.58,,TRUE
191.257.07,,TRUE
991.977.76,,TRUE
291.978.07,,TRUE
291.256.84,,FALSE
203.199.50,,FALSE
293.870.77,,TRUE
104.895.56,,TRUE
403.625.08,,TRUE
903.951.44,,TRUE
903.976.33,,FALSE
403.199.54,,TRUE
302.081.45,,FALSE
094.877.99,,TRUE
192.407.88,,TRUE
391.977.55,,TRUE
691.256.82,,TRUE
803.199.47,,FALSE
11.111.11,,FALSE
604.180.57,,TRUE
402.994.04,,FALSE
791.978.38,,TRUE
303.199.64,,TRUE
003.951.53,,TRUE
103.199.60,,FALSE
004.895.66,,TRUE
803.625.25,,TRUE
502.081.49,,FALSE
792.446.70,,TRUE
901.612.39,,FALSE
092.444.14,,FALSE
002.068.07,,TRUE
402.068.05,,FALSE
902.514.52,,TRUE
905.033.89,,FALSE
292.451.01,,FALSE
092.451.02,,FALSE
692.451.04,,FALSE
111.111.11,,FALSE
103.953.84,,TRUE
501.756.05,,TRUE
203.480.28,,TRUE
901.607.20,,TRUE
904.824.38,,TRUE
204.509.97,,TRUE
903.068.12,,FALSE
203.504.03,,TRUE
602.040.42,,FALSE
704.132.95,,TRUE
702.882.39,,TRUE
604.790.36,,FALSE
704.895.96,,FALSE
504.212.15,,TRUE
404.233.71,,TRUE
301.609.64,,TRUE
402.899.52,,TRUE
903.114.89,,TRUE
201.581.41,,FALSE
904.071.37,,TRUE
701.402.95,,FALSE
903.919.09,,FALSE
602.518.25,,FALSE
905.326.12,,TRUE
503.542.92,,FALSE
703.068.13,,FALSE
703.135.40,,FALSE
002.171.51,,TRUE
602.171.48,,TRUE
802.171.52,,TRUE
604.305.54,,TRUE
903.909.62,,TRUE
003.909.71,,TRUE
102.165.37,,FALSE
102.236.94,,TRUE
104.545.71,,FALSE
004.577.92,,FALSE
003.447.62,,FALSE
504.278.68,,TRUE
504.278.73,,TRUE
292.843.24,,FALSE
392.843.28,,TRUE
004.278.75,,FALSE
104.278.70,,TRUE
603.698.20,,TRUE
602.642.05,,FALSE
002.580.66,,FALSE
004.767.81,,TRUE
305.074.89,,TRUE
602.199.39,,TRUE
302.171.83,,FALSE
202.530.82,,TRUE
602.530.75,,TRUE
601.798.15,,TRUE
704.792.86,,TRUE
304.537.59,,TRUE
304.537.64,,TRUE
404.537.68,,TRUE
703.767.21,,TRUE
904.431.40,,TRUE
703.339.77,,TRUE
804.256.17,,TRUE
603.562.19,,TRUE
303.533.78,,FALSE
602.237.00,,TRUE
804.545.20,,FALSE
504.544.42,,FALSE
304.545.65,,FALSE
192.397.80,,TRUE
404.731.39,,TRUE
703.737.94,,TRUE
201.378.51,,TRUE
204.935.48,,TRUE
502.283.26,,TRUE
202.688.75,,TRUE
503.016.18,,TRUE
703.861.50,,FALSE
302.316.31,,TRUE
202.122.04,,TRUE
704.805.34,,FALSE
204.805.36,,FALSE
804.808.83,,TRUE
004.805.37,,FALSE
604.805.44,,TRUE
402.816.30,,FALSE
790.042.79,,TRUE
902.235.29,,TRUE
104.090.36,,FALSE
104.213.02,,FALSE
804.007.54,,TRUE
301.925.78,,TRUE
203.987.87,,FALSE
202.524.26,,FALSE
304.467.83,,FALSE
804.501.31,,TRUE
904.501.35,,TRUE
304.501.38,,TRUE
302.342.29,,TRUE
302.381.14,,TRUE
703.341.56,,FALSE
904.017.91,,FALSE
803.509.47,,FALSE
703.509.43,,FALSE
003.298.89,,FALSE
004.294.07,,FALSE
004.209.49,,FALSE
604.209.51,,FALSE
492.689.12,,TRUE
392.688.42,,TRUE
403.843.36,,TRUE
292.807.88,,TRUE
101.809.39,,TRUE
903.955.49,,TRUE
703.955.50,,TRUE
603.955.36,,TRUE
603.955.55,,TRUE
003.955.44,,TRUE
803.955.35,,TRUE
603.955.41,,TRUE
703.955.45,,TRUE
002.949.60,,TRUE
904.423.53,,TRUE
704.423.49,,TRUE
304.423.46,,TRUE
004.423.43,,TRUE
093.117.38,,FALSE
004.609.35,,TRUE
102.002.54,,TRUE
104.817.77,,TRUE
103.485.33,,TRUE
303.239.61,,FALSE
002.105.50,,FALSE
901.855.94,,TRUE
202.105.30,,FALSE
904.285.16,,FALSE
004.729.57,,TRUE
204.285.53,,TRUE
101.863.90,,TRUE
502.240.45,,TRUE
801.863.96,,TRUE
702.949.90,,TRUE
902.903.59,,TRUE
004.729.95,,TRUE
602.458.77,,FALSE
004.729.81,,TRUE
104.729.90,,TRUE
703.216.15,,TRUE
103.207.94,,TRUE
403.359.11,,TRUE
403.207.97,,TRUE
203.216.32,,TRUE
303.356.19,,TRUE
803.208.04,,TRUE
903.216.19,,TRUE
603.208.00,,TRUE
004.807.59,,TRUE
303.537.50,,FALSE
703.629.79,,FALSE
104.564.43,,FALSE
004.564.67,,TRUE
803.627.52,,FALSE
102.083.49,,TRUE
293.908.76,,TRUE
394.283.17,,TRUE
194.263.00,,TRUE
404.335.44,,TRUE
704.341.89,,TRUE
104.540.38,,TRUE
394.288.74,,TRUE
404.341.43,,TRUE
804.341.03,,TRUE
994.374.65,,TRUE
794.374.33,,TRUE
494.374.20,,TRUE
794.354.86,,TRUE
993.899.59,,TRUE
393.878.16,,TRUE
693.878.10,,TRUE
893.876.68,,TRUE
693.877.30,,TRUE
293.903.34,,TRUE
093.889.59,,TRUE
293.895.85,,TRUE
093.875.25,,TRUE
293.877.32,,TRUE
193.876.81,,TRUE
493.891.55,,TRUE
993.891.53,,TRUE
204.341.58,,TRUE
704.341.46,,TRUE
504.341.52,,TRUE
104.342.29,,TRUE
004.341.97,,TRUE
004.341.78,,TRUE
204.341.77,,TRUE
304.460.71,,TRUE
304.342.28,,TRUE
304.342.09,,TRUE
804.341.60,,TRUE
704.342.26,,TRUE
004.342.01,,TRUE
504.342.27,,TRUE
404.341.62,,TRUE
904.341.93,,TRUE
904.342.25,,TRUE
204.342.24,,TRUE
104.341.68,,TRUE
104.342.05,,TRUE
904.341.07,,TRUE
604.341.23,,TRUE
104.341.11,,TRUE
704.341.27,,TRUE
304.341.29,,TRUE
304.341.05,,TRUE
104.341.25,,TRUE
004.341.21,,TRUE
204.341.01,,TRUE
404.341.19,,TRUE
104.540.38-1,,FALSE
104.540.38-2,,FALSE
104.540.38-3,,FALSE
104.540.38-4,,FALSE
104.540.38-5,,FALSE
104.540.38-6,,FALSE
393.920.83,,FALSE
393.920.78,,FALSE
993.921.36,,FALSE
193.914.71,,FALSE
793.921.23,,FALSE
193.921.02,,FALSE
493.914.41,,FALSE
304.369.63,,TRUE
604.369.66,,TRUE
493.913.04,,FALSE
304.728.28,,TRUE
704.728.31,,TRUE
293.899.53,,TRUE
804.335.23,,TRUE
493.891.98,,FALSE
793.890.12,,TRUE
293.878.12,,TRUE
293.880.72,,TRUE
893.963.52,,TRUE
293.878.07,,TRUE
593.897.96,,TRUE
293.897.93,,TRUE
693.896.92,,TRUE
593.896.64,,TRUE
893.898.08,,TRUE
093.962.47,,TRUE
393.876.56,,TRUE
793.892.86,,FALSE
193.888.74,,FALSE
505.213.90,,TRUE
093.056.62,,TRUE
194.520.49,,TRUE
993.057.52,,TRUE
293.056.99,,TRUE
094.496.27,,TRUE
194.496.22,,TRUE
394.421.58,,TRUE
594.496.96,,TRUE
602.238.99,,FALSE
693.056.21,,TRUE
593.056.26,,TRUE
294.495.89,,TRUE
505.190.33,,TRUE
503.283.02,,FALSE
904.544.78,,TRUE
603.283.06,,FALSE
204.544.86,,TRUE
404.544.90,,TRUE
705.190.70,,TRUE
705.189.90,,TRUE
005.190.59,,TRUE
992.524.85,,TRUE
803.725.05,,FALSE
292.413.44,,TRUE
303.725.22,,FALSE
003.725.28,,FALSE
192.412.88,,TRUE
503.725.35,,TRUE
103.725.37,,TRUE
903.674.43,,TRUE
203.674.46,,TRUE
503.668.41,,TRUE
703.667.60,,TRUE
703.667.60-1,,FALSE
703.667.60-2,,FALSE
503.667.75,,TRUE
403.667.90,,TRUE
703.667.79,,TRUE
303.667.81,,TRUE
003.667.92,,TRUE
792.411.10,,TRUE
492.413.43,,TRUE
492.410.60,,TRUE
392.410.65,,TRUE
703.473.52,,TRUE
102.559.01,,TRUE
003.874.69,,TRUE
203.874.73,,TRUE
003.875.82,,TRUE
603.875.84,,TRUE
101.633.36,,FALSE
004.114.26,,TRUE
491.297.99,,FALSE
690.338.09,,FALSE
390.335.42,,FALSE
193.159.34,,FALSE
702.803.18,,FALSE
302.802.97,,FALSE
004.704.30,,FALSE
102.800.81,,FALSE
702.800.78,,FALSE
802.893.23,,FALSE
802.893.18,,FALSE
603.197.45,,FALSE
004.268.09,,TRUE
803.925.46,,TRUE
303.600.10,,TRUE
303.004.17,,TRUE
003.004.33,,TRUE
305.118.44,,TRUE
503.598.45,,TRUE
303.598.27,,TRUE
603.618.95,,TRUE
004.569.57,,TRUE
104.569.71,,TRUE
304.928.12,,TRUE
401.652.06,,FALSE
001.963.56,,FALSE
101.963.51,,TRUE
703.883.14,,TRUE
901.963.52,,FALSE
902.016.74,,TRUE
703.721.53,,FALSE
602.017.41,,FALSE
403.688.31,,FALSE
203.688.32,,TRUE
401.378.12,,TRUE
404.735.73,,TRUE
104.735.79,,TRUE
004.395.62,,TRUE
503.843.31,,FALSE
503.381.41,,FALSE
003.421.74,,FALSE
601.808.85,,TRUE
194.408.48,,TRUE
494.408.37,,TRUE
604.550.83,,TRUE
604.642.09,,FALSE
104.642.02,,FALSE
192.178.01,,FALSE
992.178.97,,FALSE
092.179.05,,FALSE
303.361.43,,FALSE
303.361.95,,FALSE
304.269.16,,FALSE
402.422.81,,TRUE
602.916.33,,TRUE
602.577.66,,FALSE
502.572.48,,FALSE
202.680.07,,FALSE
402.640.13,,FALSE
702.918.59,,TRUE
703.942.68,,FALSE
303.216.17,,TRUE
592.165.88,,TRUE
292.846.68,,TRUE
592.170.69,,FALSE
692.166.96,,TRUE
490.236.13,,FALSE
702.605.65,,FALSE
801.576.19,,FALSE
502.341.86,,TRUE
393.248.19,,FALSE
604.585.62,,FALSE
304.585.54,,FALSE
603.859.81,,FALSE
903.860.07,,FALSE
803.859.99,,FALSE
903.860.31,,FALSE
404.287.07,,TRUE
702.747.46,,TRUE
203.935.01,,FALSE
701.705.03,,TRUE
302.517.99,,TRUE
803.604.80,,FALSE
601.933.45,,FALSE
703.208.14,,FALSE
392.397.36,,FALSE
592.847.80,,FALSE
792.919.68,,TRUE
392.277.57,,TRUE
292.277.53,,TRUE
493.266.10,,TRUE
903.629.64,,TRUE
803.811.33,,TRUE
704.979.59,,TRUE
804.463.75,,TRUE
904.375.30,,TRUE
705.311.66,,TRUE
301.634.63,,TRUE
502.477.49,,TRUE
304.612.31,,TRUE
304.608.92,,TRUE
701.581.91,,TRUE
301.619.30,,TRUE
504.179.30,,FALSE
402.454.30,,FALSE
802.454.28,,FALSE
603.224.08,,FALSE
603.224.13,,FALSE
602.454.29,,FALSE
202.454.26,,FALSE
505.191.51,,TRUE
590.462.61,,FALSE
103.578.67,,FALSE
703.161.81,,FALSE
803.424.34,,FALSE
703.336.23,,FALSE
202.645.18,,FALSE
192.878.27,,TRUE
304.245.97,,TRUE
504.246.00,,TRUE
204.245.88,,TRUE
103.875.86,,TRUE
303.736.25,,TRUE
604.127.67,,FALSE
704.163.12,,FALSE
001.925.94,,TRUE
902.558.98,,TRUE
002.579.72,,FALSE
403.170.78,,TRUE
602.332.47,,FALSE
105.302.64,,TRUE
405.302.67,,TRUE
60.233.247,,FALSE
802.332.51,,FALSE
402.332.53,,FALSE
301.916.73,,FALSE
204.586.44,,TRUE
303.196.38,,FALSE
303.445.91,,FALSE
403.445.95,,FALSE
803.113.38,,TRUE
903.530.78,,TRUE
402.499.61,,TRUE
703.530.79,,TRUE
302.450.44,,TRUE
403.741.39,,FALSE
602.717.29,,FALSE
903.408.92,,FALSE
602.454.10,,FALSE
203.527.94,,TRUE
903.527.95,,TRUE
703.527.96,,TRUE
703.994.02,,FALSE
403.994.08,,FALSE
191.805.53,,FALSE
392.526.38,,FALSE
692.526.89,,FALSE
392.526.62,,FALSE
292.656.17,,FALSE
092.795.97,,FALSE
692.661.15,,FALSE
492.528.69,,FALSE
092.764.62,,FALSE
292.527.90,,FALSE
192.529.79,,FALSE
801.651.53,,FALSE
201.651.70,,FALSE
201.651.65,,FALSE
603.869.90,,FALSE
401.651.69,,FALSE
301.651.98,,FALSE
203.513.32,,FALSE
403.513.31,,FALSE
201.652.07,,FALSE
992.687.64,,FALSE
502.332.57,,FALSE
404.219.18,,FALSE
903.032.91,,TRUE
503.037.21,,FALSE
601.378.54,,FALSE
302.806.93,,TRUE
802.806.95,,FALSE
402.576.06,,TRUE
002.665.04,,FALSE
002.498.97,,FALSE
702.665.05,,FALSE
305.003.17,,TRUE
802.886.39,,FALSE
503.398.95,,FALSE
691.542.07,,FALSE
602.240.97,,TRUE
602.172.33,,TRUE
604.544.94,,TRUE
002.239.01,,FALSE
903.283.24,,FALSE
704.544.98,,TRUE
203.283.32,,FALSE
702.238.94,,FALSE
702.239.07,,FALSE
202.239.19,,FALSE
905.190.12,,TRUE
001.651.28,,TRUE
801.651.29,,TRUE
498.984.16,,TRUE
303.544.67,,FALSE
403.544.62,,FALSE
891.985.78,,TRUE
003.544.59,,TRUE
091.985.15,,TRUE
104.559.00,,TRUE
703.509.38,,TRUE
804.709.97,,FALSE
304.971.93,,TRUE
103.501.11,,TRUE
004.567.59,,TRUE
504.806.86,,TRUE
093.362.63,,FALSE
993.362.68,,FALSE
901.608.62,,TRUE
101.608.61,,TRUE
002.905.99,,TRUE
602.426.66,,TRUE
502.426.57,,TRUE
202.905.98,,TRUE
201.609.50,,TRUE
801.609.52,,TRUE
701.619.28,,TRUE
901.609.56,,TRUE
501.609.58,,TRUE
802.990.63,,TRUE
104.591.54,,TRUE
M.TV.23751.4,,FALSE
504.022.74-1,,FALSE
504.022.74-2,,FALSE
503.561.92,,TRUE
003.426.59,,TRUE
203.521.19,,TRUE
403.521.18,,TRUE
603.521.17,,TRUE
803.521.16,,TRUE
503.521.13,,TRUE
003.521.15,,TRUE
303.521.14,,TRUE
701.362.03,,TRUE
001.693.05,,TRUE
802.525.79,,FALSE
902.525.74,,FALSE
204.662.86,,TRUE
104.662.82,,TRUE
604.662.89,,FALSE
304.662.76,,FALSE
204.640.32,,TRUE
601.693.12,,TRUE
001.416.70,,TRUE
401.416.73,,TRUE
501.362.04,,TRUE
103.080.04,,TRUE
692.266.76,,TRUE
492.266.77,,TRUE
492.267.62,,FALSE
093.380.59,,FALSE
892.265.43,,TRUE
292.267.58,,TRUE
793.295.27,,TRUE
992.267.31,,TRUE
592.265.54,,TRUE
493.294.30,,TRUE
193.304.68,,TRUE
092.265.56,,TRUE
692.266.62,,TRUE
793.293.82,,TRUE
893.288.05,,TRUE
803.520.17,,TRUE
803.521.21,,TRUE
992.265.71,,TRUE
793.287.83,,TRUE
393.376.33,,TRUE
701.340.82,,FALSE
604.542.91,,FALSE
504.747.89,,TRUE
904.748.72,,TRUE
003.209.02,,TRUE
104.103.27,,FALSE
392.846.63,,TRUE
392.727.21,,TRUE
204.103.36,,TRUE
502.963.58-1,,FALSE
502.963.58-3,,FALSE
703.553.99,,FALSE
103.553.97,,FALSE
603.775.37,,FALSE
592.463.21,,FALSE
603.574.74,,TRUE
303.574.75,,FALSE
602.981.25,,TRUE
390.902.69,,TRUE
091.719.50,,TRUE
293.845.97,,TRUE
202.981.27,,TRUE
603.291.98,,TRUE
004.603.51,,TRUE
704.603.57,,TRUE
091.986.38,,TRUE
291.986.37,,TRUE
891.986.44,,TRUE
903.585.42,,TRUE
703.223.04,,TRUE
804.662.93,,TRUE
602.982.34,,TRUE
492.463.69,,FALSE
402.224.43,,TRUE
202.224.44,,TRUE
603.353.16,,FALSE
804.935.12,,TRUE
003.742.59,,FALSE
803.742.60,,FALSE
402.959.29,,TRUE
602.959.28,,TRUE
103.539.25,,FALSE
903.539.26,,FALSE
303.732.77,,TRUE
601.661.39,,TRUE
203.954.25,,TRUE
804.806.80,,TRUE
603.496.72,,TRUE
303.006.29,,FALSE
403.530.52,,TRUE
301.572.35,,FALSE
902.473.18,,TRUE
903.879.88,,TRUE
804.868.23,,TRUE
802.086.71,,TRUE
303.392.26,,TRUE
903.392.28,,FALSE
504.022.74,,TRUE
304.022.46,,TRUE
703.781.12,,FALSE
802.948.76,,FALSE
401.648.29,,FALSE
201.582.02,,FALSE
501.681.48,,FALSE
804.431.26,,FALSE
601.820.40,,TRUE
203.715.23,,TRUE
503.377.21,,TRUE
803.882.57,,TRUE
803.973.08,,TRUE
503.557.48,,FALSE
502.981.83,,TRUE
502.992.86,,TRUE
502.994.51,,TRUE
502.981.40,,TRUE
502.963.58-2,,FALSE
502.963.58,,FALSE
102.963.55,,FALSE
603.657.99,,FALSE
502.450.43,,FALSE
403.427.23,,FALSE
103.427.29,,FALSE
403.355.48,,TRUE
405.219.51,,TRUE
104.153.44,,FALSE
004.403.20,,FALSE
605.248.83,,TRUE
104.017.85,,FALSE
202.711.56,,TRUE
502.711.50,,TRUE
302.711.46,,TRUE
302.712.69,,TRUE
804.624.93,,TRUE
803.987.08,,FALSE
503.602.31,,TRUE
302.070.37,,TRUE
301.652.16,,TRUE
302.603.98,,FALSE
703.604.85,,TRUE
703.604.85-1,,FALSE
703.604.85-2,,FALSE
905.001.59,,TRUE
905.076.22,,TRUE
602.950.23,,TRUE
402.711.55,,TRUE
802.711.20,,FALSE
303.577.86,,TRUE
002.595.13,,FALSE
803.743.40,,TRUE
904.613.51,,TRUE
803.591.89,,TRUE
203.661.16,,TRUE
392.762.29,,TRUE
003.743.39,,TRUE
404.023.83,,TRUE
003.661.17,,FALSE
103.743.29,,TRUE
092.770.32,,FALSE
092.778.76,,FALSE
192.779.13,,FALSE
904.176.69,,FALSE
204.176.82,,FALSE
803.294.80,,FALSE
204.176.96,,FALSE
003.295.49,,FALSE
803.295.45,,FALSE
904.180.27,,FALSE
203.293.36,,FALSE
703.293.72,,FALSE
804.177.02,,FALSE
904.178.48,,FALSE
103.293.32,,FALSE
691.495.98,,FALSE
704.902.22,,TRUE
402.892.78,,TRUE
102.892.94,,TRUE
403.247.24,,TRUE
802.892.38,,TRUE
104.883.83,,TRUE
501.772.56,,TRUE
303.320.17,,TRUE
703.320.15,,TRUE
904.261.12,,TRUE
703.394.94,,TRUE
703.351.08,,TRUE
301.772.57,,TRUE
402.434.69,,TRUE
102.712.27,,TRUE
101.365.12,,TRUE
401.640.75,,TRUE
501.777.27,,TRUE
701.777.26,,TRUE
204.702.45,,TRUE
201.727.50,,FALSE
290.042.86,,FALSE
003.357.29,,FALSE
203.357.28,,FALSE
103.444.55,,TRUE
803.444.52,,TRUE
404.652.19,,TRUE
904.667.30,,TRUE
504.653.46,,TRUE
092.846.93,,FALSE
304.667.47,,TRUE
604.653.55,,TRUE
492.847.52,,FALSE
092.955.78,,FALSE
092.849.33,,FALSE
093.160.95,,FALSE
793.062.53,,TRUE
093.183.77,,FALSE
393.066.60,,FALSE
093.067.13,,TRUE
092.849.47,,FALSE
304.667.52,,TRUE
504.653.70,,TRUE
004.667.63,,TRUE
204.653.81,,TRUE
092.996.56,,FALSE
093.161.23,,FALSE
293.062.79,,TRUE
093.165.52,,FALSE
693.067.29,,TRUE
093.165.71,,FALSE
093.159.82,,FALSE
004.687.62,,FALSE
304.092.43,,FALSE
304.456.65,,FALSE
804.687.58,,FALSE
503.510.19,,FALSE
503.510.57,,FALSE
704.687.68,,FALSE
604.687.59,,FALSE
803.510.65,,FALSE
404.687.60,,FALSE
703.510.37,,FALSE
704.094.58,,FALSE
504.687.69,,FALSE
404.456.79,,FALSE
703.510.23,,FALSE
103.510.97,,FALSE
404.095.96,,FALSE
204.687.61,,FALSE
604.457.44,,FALSE
604.961.73,,TRUE
304.687.65,,FALSE
204.961.65,,TRUE
304.687.46,,FALSE
404.961.74,,TRUE
804.961.72,,TRUE
904.958.41,,TRUE
904.958.36,,TRUE
704.687.73,,FALSE
604.687.64,,FALSE
504.101.13,,FALSE
304.653.85,,TRUE
993.925.89,,TRUE
593.925.86,,TRUE
793.925.90,,TRUE
193.925.93,,TRUE
993.212.62,,FALSE
493.926.00,,TRUE
293.925.97,,TRUE
804.428.67,,FALSE
904.428.19,,FALSE
904.895.00,,FALSE
604.428.30,,FALSE
203.971.27,,FALSE
904.668.05,,FALSE
304.666.91,,TRUE
703.971.20,,FALSE
104.984.00,,FALSE
002.133.13,,TRUE
802.502.50,,TRUE
703.034.47,,TRUE
602.213.53,,TRUE
103.034.45,,TRUE
602.153.33,,TRUE
802.133.14,,TRUE
203.058.06,,TRUE
093.201.15,,TRUE
804.726.04,,FALSE
902.97.662,,FALSE
393.377.89,,TRUE
193.377.66,,TRUE
304.691.66,,FALSE
904.691.68,,FALSE
203.294.64,,FALSE
303.294.68,,FALSE
403.293.64,,FALSE
203.293.60,,FALSE
904.178.53,,FALSE
904.998.20,,FALSE
303.294.92,,FALSE
794.146.53,,FALSE
204.201.56,,TRUE
403.751.29,,TRUE
204.201.56-1,,FALSE
204.201.56-2,,TRUE
204.263.42,,TRUE
604.263.40,,TRUE
602.910.58,,FALSE
402.774.64,,TRUE
203.545.14,,TRUE
403.995.40,,TRUE
002.763.05,,TRUE
803.822.36,,FALSE
403.822.57,,FALSE
203.822.39,,FALSE
502.395.94,,TRUE
904.664.57,,TRUE
405.032.35,,FALSE
304.235.74,,TRUE
704.241.28,,TRUE
204.241.35,,TRUE
702.744.40,,TRUE
003.530.54,,FALSE
703.530.55,,FALSE
203.078.67,,TRUE
903.514.80,,FALSE
891.228.52,,TRUE
603.115.65,,TRUE
803.889.74,,TRUE
203.444.50,,TRUE
203.485.75,,TRUE
604.243.55,,TRUE
493.254.32,,FALSE
404.603.49,,FALSE
903.942.34,,TRUE
490.164.86,,FALSE
302.690.49,,FALSE
104.040.05,,FALSE
402.575.26,,FALSE
503.393.67,,TRUE
504.023.54,,TRUE
902.849.71,,FALSE
802.849.95,,FALSE
104.726.07,,TRUE
103.393.31,,TRUE
101.659.29,,FALSE
705.495.81,,TRUE
504.406.19,,FALSE
093.890.20,,FALSE
103.468.69,,FALSE
703.486.67,,FALSE
492.600.82,,FALSE
603.486.63,,FALSE
ZAIREBLUE32,,FALSE
ZAIREBLUE321,,FALSE
ZAIREGREY32,,FALSE
ZAIREGREY321,,FALSE
603.324.45,,FALSE
503.205.70,,TRUE
602.085.30,,FALSE
304.878.01,,TRUE
502.880.37,,FALSE
592.685.63,,FALSE
302.880.43,,FALSE
202.085.32,,FALSE
